-14,-3,fuh3O08l3L5vuJB8QRkxqr4l+ag=,PXvy5k+vZxcyxNfclJa90iYoPzA=
-14,-2,fuh3O08l3L5vuJB8QRkxqr4l+ag=,wnOCzV3n1fiIlUu2sa3A2hNdUzY=
-15,-2,fuh3O08l3L5vuJB8QRkxqr4l+ag=,FOXberOEq4aQvqwOTbLlJ+VG2vI=
-15,-3,fuh3O08l3L5vuJB8QRkxqr4l+ag=,DTXKOPI7JMd2FSH6CpTncWg8U7c=
-14,-4,fuh3O08l3L5vuJB8QRkxqr4l+ag=,PXvy5k+vZxcyxNfclJa90iYoPzA=
-14,-5,fuh3O08l3L5vuJB8QRkxqr4l+ag=,qvXegn2emkDwbrHaJryuWDQ8+iE=
-15,-5,fuh3O08l3L5vuJB8QRkxqr4l+ag=,YY5pVfV5Qhe3E7pQ4PTNr5DS/mE=
-15,-4,fuh3O08l3L5vuJB8QRkxqr4l+ag=,DTXKOPI7JMd2FSH6CpTncWg8U7c=
-14,-7,fuh3O08l3L5vuJB8QRkxqr4l+ag=,2CADpu5vwf6B2nLXwcT2tdNcHE4=
-13,-7,fuh3O08l3L5vuJB8QRkxqr4l+ag=,2CADpu5vwf6B2nLXwcT2tdNcHE4=
-13,-6,fuh3O08l3L5vuJB8QRkxqr4l+ag=,qvXegn2emkDwbrHaJryuWDQ8+iE=
-14,-6,fuh3O08l3L5vuJB8QRkxqr4l+ag=,qvXegn2emkDwbrHaJryuWDQ8+iE=
-12,-6,J9UD0ECZ3Y8K3PFtLubsA54k4jQ=,UCsZDhsnopPxZHMAtQplOu7ipqU=
-12,-7,J9UD0ECZ3Y8K3PFtLubsA54k4jQ=,DZ7F8au/F+qyaQvF+NsRJoSD/Zw=
-15,-7,J9UD0ECZ3Y8K3PFtLubsA54k4jQ=,eBKfowKIFZUkbmeK3KGMTKlGVlM=
-15,-6,J9UD0ECZ3Y8K3PFtLubsA54k4jQ=,YY5pVfV5Qhe3E7pQ4PTNr5DS/mE=
-10,-6,J9UD0ECZ3Y8K3PFtLubsA54k4jQ=,4lyVvu5s4d5tQSkCEkC/sLpiO28=
-11,-7,J9UD0ECZ3Y8K3PFtLubsA54k4jQ=,DZ7F8au/F+qyaQvF+NsRJoSD/Zw=
-11,-6,J9UD0ECZ3Y8K3PFtLubsA54k4jQ=,UCsZDhsnopPxZHMAtQplOu7ipqU=
-10,-7,J9UD0ECZ3Y8K3PFtLubsA54k4jQ=,39zJTRKoun8O3mRgjEbTP3WcQU4=
-13,-8,J9UD0ECZ3Y8K3PFtLubsA54k4jQ=,2CADpu5vwf6B2nLXwcT2tdNcHE4=
-12,-8,J9UD0ECZ3Y8K3PFtLubsA54k4jQ=,DZ7F8au/F+qyaQvF+NsRJoSD/Zw=
-13,-9,J9UD0ECZ3Y8K3PFtLubsA54k4jQ=,Qmdf7J8q5y8yj0cftIL1XZnX1Wg=
-13,-11,J9UD0ECZ3Y8K3PFtLubsA54k4jQ=,OW5gOSPwdR26scvHmdiEzcUV9F0=
-12,-11,J9UD0ECZ3Y8K3PFtLubsA54k4jQ=,OW5gOSPwdR26scvHmdiEzcUV9F0=
-12,-10,J9UD0ECZ3Y8K3PFtLubsA54k4jQ=,Qmdf7J8q5y8yj0cftIL1XZnX1Wg=
-13,-10,J9UD0ECZ3Y8K3PFtLubsA54k4jQ=,Qmdf7J8q5y8yj0cftIL1XZnX1Wg=
-12,-9,J9UD0ECZ3Y8K3PFtLubsA54k4jQ=,Qmdf7J8q5y8yj0cftIL1XZnX1Wg=
-12,-12,J9UD0ECZ3Y8K3PFtLubsA54k4jQ=,OW5gOSPwdR26scvHmdiEzcUV9F0=
-13,-13,J9UD0ECZ3Y8K3PFtLubsA54k4jQ=,Pr+mqvzVufOcuSYBOT3f6ib6TZA=
-12,-13,J9UD0ECZ3Y8K3PFtLubsA54k4jQ=,Pr+mqvzVufOcuSYBOT3f6ib6TZA=
-13,-12,J9UD0ECZ3Y8K3PFtLubsA54k4jQ=,OW5gOSPwdR26scvHmdiEzcUV9F0=
-13,-15,eUtPtA/iNQasL2kXHY3c0EbmYEc=,E6abS5i8i5dHuI9fjDtJuLqdIQE=
-12,-15,eUtPtA/iNQasL2kXHY3c0EbmYEc=,FCjNE3XD6Y62jJO03C/TwdVd+Xk=
-13,-14,eUtPtA/iNQasL2kXHY3c0EbmYEc=,Pr+mqvzVufOcuSYBOT3f6ib6TZA=
-12,-14,eUtPtA/iNQasL2kXHY3c0EbmYEc=,Pr+mqvzVufOcuSYBOT3f6ib6TZA=
-15,-14,eUtPtA/iNQasL2kXHY3c0EbmYEc=,MY78jaSUXg9KszVCqu5gFS04mRk=
-14,-15,eUtPtA/iNQasL2kXHY3c0EbmYEc=,E6abS5i8i5dHuI9fjDtJuLqdIQE=
-14,-14,eUtPtA/iNQasL2kXHY3c0EbmYEc=,Pr+mqvzVufOcuSYBOT3f6ib6TZA=
-15,-15,eUtPtA/iNQasL2kXHY3c0EbmYEc=,hgdFyMZQ2/r3ysZqHKSQmddXtTE=
-10,-15,eUtPtA/iNQasL2kXHY3c0EbmYEc=,CZBLcTYEFbNlkAOvBWc34rjlOW4=
-10,-14,eUtPtA/iNQasL2kXHY3c0EbmYEc=,Pr+mqvzVufOcuSYBOT3f6ib6TZA=
-11,-14,eUtPtA/iNQasL2kXHY3c0EbmYEc=,Pr+mqvzVufOcuSYBOT3f6ib6TZA=
-11,-15,eUtPtA/iNQasL2kXHY3c0EbmYEc=,FCjNE3XD6Y62jJO03C/TwdVd+Xk=
-9,-14,eUtPtA/iNQasL2kXHY3c0EbmYEc=,Pr+mqvzVufOcuSYBOT3f6ib6TZA=
-9,-15,eUtPtA/iNQasL2kXHY3c0EbmYEc=,CZBLcTYEFbNlkAOvBWc34rjlOW4=
-8,-15,eUtPtA/iNQasL2kXHY3c0EbmYEc=,7+tFQiJR8EVLmTSfFAk1u+M0q0k=
-8,-14,eUtPtA/iNQasL2kXHY3c0EbmYEc=,wG+0DaR5inqJBaSKEu1EUupVet4=
-6,-13,DKSLnmqRmcjt9Hih3E1KhbRXpSQ=,7+tFQiJR8EVLmTSfFAk1u+M0q0k=
-7,-13,DKSLnmqRmcjt9Hih3E1KhbRXpSQ=,wG+0DaR5inqJBaSKEu1EUupVet4=
-6,-14,DKSLnmqRmcjt9Hih3E1KhbRXpSQ=,7+tFQiJR8EVLmTSfFAk1u+M0q0k=
-7,-15,DKSLnmqRmcjt9Hih3E1KhbRXpSQ=,7+tFQiJR8EVLmTSfFAk1u+M0q0k=
-7,-12,DKSLnmqRmcjt9Hih3E1KhbRXpSQ=,Ki0IhGAWvPZJJWnCx7jNJCMwPUA=
-7,-14,DKSLnmqRmcjt9Hih3E1KhbRXpSQ=,wG+0DaR5inqJBaSKEu1EUupVet4=
-6,-12,DKSLnmqRmcjt9Hih3E1KhbRXpSQ=,pfCxI4IAT0uOwcNLDmaKaDJpG0g=
-6,-15,DKSLnmqRmcjt9Hih3E1KhbRXpSQ=,0WsrhpwtmsLfpR6EYRhGEaqTV7o=
-5,-13,DKSLnmqRmcjt9Hih3E1KhbRXpSQ=,7+tFQiJR8EVLmTSfFAk1u+M0q0k=
-4,-12,DKSLnmqRmcjt9Hih3E1KhbRXpSQ=,0MH+60VPkoG+xA3r5hYn0rifh0Q=
-4,-13,DKSLnmqRmcjt9Hih3E1KhbRXpSQ=,Qmf2LHZT+HOw8GR+8BeMlBGHIVk=
-5,-12,DKSLnmqRmcjt9Hih3E1KhbRXpSQ=,pfCxI4IAT0uOwcNLDmaKaDJpG0g=
-5,-14,DKSLnmqRmcjt9Hih3E1KhbRXpSQ=,7+tFQiJR8EVLmTSfFAk1u+M0q0k=
-2,-13,DKSLnmqRmcjt9Hih3E1KhbRXpSQ=,Pk1jEeJtOc8ssSqoJeEeumM6Ya8=
-3,-13,DKSLnmqRmcjt9Hih3E1KhbRXpSQ=,Qmf2LHZT+HOw8GR+8BeMlBGHIVk=
-2,-12,DKSLnmqRmcjt9Hih3E1KhbRXpSQ=,1DSHxyOgHz9Qv0Qi7Iac1LKquUU=
-4,-14,DKSLnmqRmcjt9Hih3E1KhbRXpSQ=,Qmf2LHZT+HOw8GR+8BeMlBGHIVk=
-3,-12,DKSLnmqRmcjt9Hih3E1KhbRXpSQ=,0MH+60VPkoG+xA3r5hYn0rifh0Q=
-5,-15,DKSLnmqRmcjt9Hih3E1KhbRXpSQ=,0WsrhpwtmsLfpR6EYRhGEaqTV7o=
-4,-15,DKSLnmqRmcjt9Hih3E1KhbRXpSQ=,Yl5W+zrxp16DSNgdQGPUhCFJIWg=
-2,-15,DKSLnmqRmcjt9Hih3E1KhbRXpSQ=,Qmf2LHZT+HOw8GR+8BeMlBGHIVk=
-2,-14,DKSLnmqRmcjt9Hih3E1KhbRXpSQ=,Pk1jEeJtOc8ssSqoJeEeumM6Ya8=
-3,-14,DKSLnmqRmcjt9Hih3E1KhbRXpSQ=,Qmf2LHZT+HOw8GR+8BeMlBGHIVk=
-3,-15,DKSLnmqRmcjt9Hih3E1KhbRXpSQ=,Yl5W+zrxp16DSNgdQGPUhCFJIWg=
-3,-11,ucwvsfD5rpstcGalo9NCSf87Hvs=,0MH+60VPkoG+xA3r5hYn0rifh0Q=
-3,-10,ucwvsfD5rpstcGalo9NCSf87Hvs=,SPadsfd2dutpZ5BWDFUD5aiuKvE=
-2,-10,ucwvsfD5rpstcGalo9NCSf87Hvs=,3sndpRZGsJJVxoD9agEftymwAxA=
-2,-11,ucwvsfD5rpstcGalo9NCSf87Hvs=,1DSHxyOgHz9Qv0Qi7Iac1LKquUU=
-3,-9,ucwvsfD5rpstcGalo9NCSf87Hvs=,SPadsfd2dutpZ5BWDFUD5aiuKvE=
-3,-8,ucwvsfD5rpstcGalo9NCSf87Hvs=,1fx9v24NKp17FwH/KYjPSQZKu6o=
-2,-9,ucwvsfD5rpstcGalo9NCSf87Hvs=,3sndpRZGsJJVxoD9agEftymwAxA=
-2,-8,ucwvsfD5rpstcGalo9NCSf87Hvs=,1fx9v24NKp17FwH/KYjPSQZKu6o=
-2,-6,ucwvsfD5rpstcGalo9NCSf87Hvs=,1fx9v24NKp17FwH/KYjPSQZKu6o=
-2,-7,ucwvsfD5rpstcGalo9NCSf87Hvs=,1fx9v24NKp17FwH/KYjPSQZKu6o=
-3,-7,ucwvsfD5rpstcGalo9NCSf87Hvs=,1fx9v24NKp17FwH/KYjPSQZKu6o=
-3,-6,ucwvsfD5rpstcGalo9NCSf87Hvs=,KmO03qkU+yRzr/u8mZ63M701hKQ=
-2,-5,ucwvsfD5rpstcGalo9NCSf87Hvs=,1fx9v24NKp17FwH/KYjPSQZKu6o=
-3,-4,ucwvsfD5rpstcGalo9NCSf87Hvs=,N3AlsFwwyIidf1EuZck8wetaTk0=
-3,-5,ucwvsfD5rpstcGalo9NCSf87Hvs=,KmO03qkU+yRzr/u8mZ63M701hKQ=
-2,-4,ucwvsfD5rpstcGalo9NCSf87Hvs=,XkzVC2eY9BRKQGR22xQzV/eiHk4=
-13,-4,gKnJXwadwFjvDuDYwH3s0ZZ7H9I=,PXvy5k+vZxcyxNfclJa90iYoPzA=
-13,-5,gKnJXwadwFjvDuDYwH3s0ZZ7H9I=,qvXegn2emkDwbrHaJryuWDQ8+iE=
-12,-5,gKnJXwadwFjvDuDYwH3s0ZZ7H9I=,UCsZDhsnopPxZHMAtQplOu7ipqU=
-12,-4,gKnJXwadwFjvDuDYwH3s0ZZ7H9I=,mqjA/L+Op54hnuhF7c0GrFF0ya4=
-10,-5,gKnJXwadwFjvDuDYwH3s0ZZ7H9I=,4lyVvu5s4d5tQSkCEkC/sLpiO28=
-11,-4,gKnJXwadwFjvDuDYwH3s0ZZ7H9I=,mqjA/L+Op54hnuhF7c0GrFF0ya4=
-10,-4,gKnJXwadwFjvDuDYwH3s0ZZ7H9I=,Sh3sJhJgpnlx9W47Kk9oLOPtt30=
-13,-2,gKnJXwadwFjvDuDYwH3s0ZZ7H9I=,wnOCzV3n1fiIlUu2sa3A2hNdUzY=
-11,-5,gKnJXwadwFjvDuDYwH3s0ZZ7H9I=,UCsZDhsnopPxZHMAtQplOu7ipqU=
-12,-2,gKnJXwadwFjvDuDYwH3s0ZZ7H9I=,OFCrjjiQECMq2trBGYClFztL34M=
-13,-3,gKnJXwadwFjvDuDYwH3s0ZZ7H9I=,PXvy5k+vZxcyxNfclJa90iYoPzA=
-12,-3,gKnJXwadwFjvDuDYwH3s0ZZ7H9I=,mqjA/L+Op54hnuhF7c0GrFF0ya4=
-8,-3,gKnJXwadwFjvDuDYwH3s0ZZ7H9I=,0ey8dM1HrFwW9zBMqPdF9z/g3js=
-10,-2,gKnJXwadwFjvDuDYwH3s0ZZ7H9I=,AWQvFcgR+2zj2xIiiIVrp/IZCbg=
-8,-2,gKnJXwadwFjvDuDYwH3s0ZZ7H9I=,18Q4X2PtpXsGUyB8BytPT5s+gdE=
-11,-2,gKnJXwadwFjvDuDYwH3s0ZZ7H9I=,OFCrjjiQECMq2trBGYClFztL34M=
-11,-3,gKnJXwadwFjvDuDYwH3s0ZZ7H9I=,mqjA/L+Op54hnuhF7c0GrFF0ya4=
-9,-2,gKnJXwadwFjvDuDYwH3s0ZZ7H9I=,AWQvFcgR+2zj2xIiiIVrp/IZCbg=
-10,-3,gKnJXwadwFjvDuDYwH3s0ZZ7H9I=,Sh3sJhJgpnlx9W47Kk9oLOPtt30=
-7,-2,gKnJXwadwFjvDuDYwH3s0ZZ7H9I=,18Q4X2PtpXsGUyB8BytPT5s+gdE=
-9,-3,gKnJXwadwFjvDuDYwH3s0ZZ7H9I=,Sh3sJhJgpnlx9W47Kk9oLOPtt30=
-6,-2,gKnJXwadwFjvDuDYwH3s0ZZ7H9I=,bU8IY70ItiX/VTQfBBYyO9v+hJY=
-7,-3,gKnJXwadwFjvDuDYwH3s0ZZ7H9I=,0ey8dM1HrFwW9zBMqPdF9z/g3js=
-3,-2,6h45mPaS3VJ3Kv2/PjvPyJ36BOs=,gu/m0oFgJ4FZipvh1pSC7OCKiYM=
-2,-2,6h45mPaS3VJ3Kv2/PjvPyJ36BOs=,FJnMaaio+UqfpSeLTzNbAA2QoH4=
-5,-1,6h45mPaS3VJ3Kv2/PjvPyJ36BOs=,bU8IY70ItiX/VTQfBBYyO9v+hJY=
-2,-3,6h45mPaS3VJ3Kv2/PjvPyJ36BOs=,XkzVC2eY9BRKQGR22xQzV/eiHk4=
-4,-1,6h45mPaS3VJ3Kv2/PjvPyJ36BOs=,gu/m0oFgJ4FZipvh1pSC7OCKiYM=
-4,-2,6h45mPaS3VJ3Kv2/PjvPyJ36BOs=,gu/m0oFgJ4FZipvh1pSC7OCKiYM=
-5,-2,6h45mPaS3VJ3Kv2/PjvPyJ36BOs=,bU8IY70ItiX/VTQfBBYyO9v+hJY=
-3,-3,6h45mPaS3VJ3Kv2/PjvPyJ36BOs=,N3AlsFwwyIidf1EuZck8wetaTk0=
-6,-3,6h45mPaS3VJ3Kv2/PjvPyJ36BOs=,GnaQfSBAzr0HjPFJB5JYFQ7xxRg=
-6,-1,6h45mPaS3VJ3Kv2/PjvPyJ36BOs=,bU8IY70ItiX/VTQfBBYyO9v+hJY=
-5,-3,6h45mPaS3VJ3Kv2/PjvPyJ36BOs=,GnaQfSBAzr0HjPFJB5JYFQ7xxRg=
-4,-3,6h45mPaS3VJ3Kv2/PjvPyJ36BOs=,N3AlsFwwyIidf1EuZck8wetaTk0=
-7,-1,6h45mPaS3VJ3Kv2/PjvPyJ36BOs=,18Q4X2PtpXsGUyB8BytPT5s+gdE=
-3,-1,6h45mPaS3VJ3Kv2/PjvPyJ36BOs=,gu/m0oFgJ4FZipvh1pSC7OCKiYM=
-1,-3,6h45mPaS3VJ3Kv2/PjvPyJ36BOs=,XkzVC2eY9BRKQGR22xQzV/eiHk4=
-1,-5,6h45mPaS3VJ3Kv2/PjvPyJ36BOs=,1fx9v24NKp17FwH/KYjPSQZKu6o=
-1,-2,6h45mPaS3VJ3Kv2/PjvPyJ36BOs=,FJnMaaio+UqfpSeLTzNbAA2QoH4=
-2,-1,6h45mPaS3VJ3Kv2/PjvPyJ36BOs=,FJnMaaio+UqfpSeLTzNbAA2QoH4=
-1,-4,6h45mPaS3VJ3Kv2/PjvPyJ36BOs=,XkzVC2eY9BRKQGR22xQzV/eiHk4=
-1,-10,6h45mPaS3VJ3Kv2/PjvPyJ36BOs=,3sndpRZGsJJVxoD9agEftymwAxA=
-1,-8,6h45mPaS3VJ3Kv2/PjvPyJ36BOs=,1fx9v24NKp17FwH/KYjPSQZKu6o=
-1,-6,6h45mPaS3VJ3Kv2/PjvPyJ36BOs=,1fx9v24NKp17FwH/KYjPSQZKu6o=
-1,-7,6h45mPaS3VJ3Kv2/PjvPyJ36BOs=,1fx9v24NKp17FwH/KYjPSQZKu6o=
-1,-9,6h45mPaS3VJ3Kv2/PjvPyJ36BOs=,3sndpRZGsJJVxoD9agEftymwAxA=
-2,-16,6h45mPaS3VJ3Kv2/PjvPyJ36BOs=,Qmf2LHZT+HOw8GR+8BeMlBGHIVk=
-1,-13,6h45mPaS3VJ3Kv2/PjvPyJ36BOs=,Pk1jEeJtOc8ssSqoJeEeumM6Ya8=
-3,-16,6h45mPaS3VJ3Kv2/PjvPyJ36BOs=,Yl5W+zrxp16DSNgdQGPUhCFJIWg=
-1,-15,6h45mPaS3VJ3Kv2/PjvPyJ36BOs=,Qmf2LHZT+HOw8GR+8BeMlBGHIVk=
-1,-12,6h45mPaS3VJ3Kv2/PjvPyJ36BOs=,1DSHxyOgHz9Qv0Qi7Iac1LKquUU=
-4,-16,6h45mPaS3VJ3Kv2/PjvPyJ36BOs=,Yl5W+zrxp16DSNgdQGPUhCFJIWg=
-1,-14,6h45mPaS3VJ3Kv2/PjvPyJ36BOs=,Pk1jEeJtOc8ssSqoJeEeumM6Ya8=
-5,-16,6h45mPaS3VJ3Kv2/PjvPyJ36BOs=,0WsrhpwtmsLfpR6EYRhGEaqTV7o=
-1,-11,6h45mPaS3VJ3Kv2/PjvPyJ36BOs=,1DSHxyOgHz9Qv0Qi7Iac1LKquUU=
-9,-16,+W9U7yKEt/pdwkPGunmS1y44hbs=,CZBLcTYEFbNlkAOvBWc34rjlOW4=
-12,-16,+W9U7yKEt/pdwkPGunmS1y44hbs=,FCjNE3XD6Y62jJO03C/TwdVd+Xk=
-7,-16,+W9U7yKEt/pdwkPGunmS1y44hbs=,7+tFQiJR8EVLmTSfFAk1u+M0q0k=
-11,-16,+W9U7yKEt/pdwkPGunmS1y44hbs=,FCjNE3XD6Y62jJO03C/TwdVd+Xk=
-10,-16,+W9U7yKEt/pdwkPGunmS1y44hbs=,CZBLcTYEFbNlkAOvBWc34rjlOW4=
-6,-16,+W9U7yKEt/pdwkPGunmS1y44hbs=,0WsrhpwtmsLfpR6EYRhGEaqTV7o=
-8,-16,+W9U7yKEt/pdwkPGunmS1y44hbs=,7+tFQiJR8EVLmTSfFAk1u+M0q0k=
-13,-16,+W9U7yKEt/pdwkPGunmS1y44hbs=,E6abS5i8i5dHuI9fjDtJuLqdIQE=
-15,-16,+W9U7yKEt/pdwkPGunmS1y44hbs=,hgdFyMZQ2/r3ysZqHKSQmddXtTE=
-14,-16,+W9U7yKEt/pdwkPGunmS1y44hbs=,E6abS5i8i5dHuI9fjDtJuLqdIQE=
-16,-14,+W9U7yKEt/pdwkPGunmS1y44hbs=,MY78jaSUXg9KszVCqu5gFS04mRk=
-16,-15,+W9U7yKEt/pdwkPGunmS1y44hbs=,hgdFyMZQ2/r3ysZqHKSQmddXtTE=
-15,-13,+W9U7yKEt/pdwkPGunmS1y44hbs=,MY78jaSUXg9KszVCqu5gFS04mRk=
-16,-13,+W9U7yKEt/pdwkPGunmS1y44hbs=,MY78jaSUXg9KszVCqu5gFS04mRk=
-14,-13,+W9U7yKEt/pdwkPGunmS1y44hbs=,Pr+mqvzVufOcuSYBOT3f6ib6TZA=
-15,-12,+W9U7yKEt/pdwkPGunmS1y44hbs=,xAjrUs27hn5WkSCb/ttHIp+nM78=
-16,-12,+W9U7yKEt/pdwkPGunmS1y44hbs=,xAjrUs27hn5WkSCb/ttHIp+nM78=
-14,-12,+W9U7yKEt/pdwkPGunmS1y44hbs=,OW5gOSPwdR26scvHmdiEzcUV9F0=
-14,-8,+W9U7yKEt/pdwkPGunmS1y44hbs=,2CADpu5vwf6B2nLXwcT2tdNcHE4=
-15,-11,+W9U7yKEt/pdwkPGunmS1y44hbs=,xAjrUs27hn5WkSCb/ttHIp+nM78=
-15,-10,+W9U7yKEt/pdwkPGunmS1y44hbs=,kPMWW/6dACDckuK9kelbxJO9Tng=
-16,-11,+W9U7yKEt/pdwkPGunmS1y44hbs=,xAjrUs27hn5WkSCb/ttHIp+nM78=
-15,-9,+W9U7yKEt/pdwkPGunmS1y44hbs=,kPMWW/6dACDckuK9kelbxJO9Tng=
-14,-11,+W9U7yKEt/pdwkPGunmS1y44hbs=,OW5gOSPwdR26scvHmdiEzcUV9F0=
-14,-10,+W9U7yKEt/pdwkPGunmS1y44hbs=,Qmdf7J8q5y8yj0cftIL1XZnX1Wg=
-16,-1,+W9U7yKEt/pdwkPGunmS1y44hbs=,FOXberOEq4aQvqwOTbLlJ+VG2vI=
-14,-9,+W9U7yKEt/pdwkPGunmS1y44hbs=,Qmdf7J8q5y8yj0cftIL1XZnX1Wg=
-16,-10,+W9U7yKEt/pdwkPGunmS1y44hbs=,kPMWW/6dACDckuK9kelbxJO9Tng=
-16,-7,+W9U7yKEt/pdwkPGunmS1y44hbs=,eBKfowKIFZUkbmeK3KGMTKlGVlM=
-16,-6,+W9U7yKEt/pdwkPGunmS1y44hbs=,YY5pVfV5Qhe3E7pQ4PTNr5DS/mE=
-16,-8,+W9U7yKEt/pdwkPGunmS1y44hbs=,eBKfowKIFZUkbmeK3KGMTKlGVlM=
-16,-9,+W9U7yKEt/pdwkPGunmS1y44hbs=,kPMWW/6dACDckuK9kelbxJO9Tng=
-16,-4,+W9U7yKEt/pdwkPGunmS1y44hbs=,DTXKOPI7JMd2FSH6CpTncWg8U7c=
-15,-8,+W9U7yKEt/pdwkPGunmS1y44hbs=,eBKfowKIFZUkbmeK3KGMTKlGVlM=
-16,-5,+W9U7yKEt/pdwkPGunmS1y44hbs=,YY5pVfV5Qhe3E7pQ4PTNr5DS/mE=
-16,-2,+W9U7yKEt/pdwkPGunmS1y44hbs=,FOXberOEq4aQvqwOTbLlJ+VG2vI=
-16,-3,+W9U7yKEt/pdwkPGunmS1y44hbs=,DTXKOPI7JMd2FSH6CpTncWg8U7c=
-12,-1,+W9U7yKEt/pdwkPGunmS1y44hbs=,OFCrjjiQECMq2trBGYClFztL34M=
-15,-1,+W9U7yKEt/pdwkPGunmS1y44hbs=,FOXberOEq4aQvqwOTbLlJ+VG2vI=
-14,-1,+W9U7yKEt/pdwkPGunmS1y44hbs=,wnOCzV3n1fiIlUu2sa3A2hNdUzY=
-13,-1,7pwnB+4rNJd/ZiU6FKVgH8wb378=,wnOCzV3n1fiIlUu2sa3A2hNdUzY=
-8,-1,7pwnB+4rNJd/ZiU6FKVgH8wb378=,18Q4X2PtpXsGUyB8BytPT5s+gdE=
-11,-1,7pwnB+4rNJd/ZiU6FKVgH8wb378=,OFCrjjiQECMq2trBGYClFztL34M=
-10,-1,7pwnB+4rNJd/ZiU6FKVgH8wb378=,AWQvFcgR+2zj2xIiiIVrp/IZCbg=
-9,-1,7pwnB+4rNJd/ZiU6FKVgH8wb378=,AWQvFcgR+2zj2xIiiIVrp/IZCbg=
-9,-13,7pwnB+4rNJd/ZiU6FKVgH8wb378=,Pr+mqvzVufOcuSYBOT3f6ib6TZA=
-8,-13,7pwnB+4rNJd/ZiU6FKVgH8wb378=,wG+0DaR5inqJBaSKEu1EUupVet4=
-11,-12,7pwnB+4rNJd/ZiU6FKVgH8wb378=,OW5gOSPwdR26scvHmdiEzcUV9F0=
-9,-12,7pwnB+4rNJd/ZiU6FKVgH8wb378=,UdPuEvM+uaHr2R0/yBmPVGMtFXU=
-11,-13,7pwnB+4rNJd/ZiU6FKVgH8wb378=,Pr+mqvzVufOcuSYBOT3f6ib6TZA=
-10,-13,7pwnB+4rNJd/ZiU6FKVgH8wb378=,Pr+mqvzVufOcuSYBOT3f6ib6TZA=
-10,-12,7pwnB+4rNJd/ZiU6FKVgH8wb378=,UdPuEvM+uaHr2R0/yBmPVGMtFXU=
-8,-12,7pwnB+4rNJd/ZiU6FKVgH8wb378=,Ki0IhGAWvPZJJWnCx7jNJCMwPUA=
-10,-10,7pwnB+4rNJd/ZiU6FKVgH8wb378=,hbaubHO73BcTZH0LMlFls81TwXM=
-11,-10,7pwnB+4rNJd/ZiU6FKVgH8wb378=,Qmdf7J8q5y8yj0cftIL1XZnX1Wg=
-11,-11,7pwnB+4rNJd/ZiU6FKVgH8wb378=,OW5gOSPwdR26scvHmdiEzcUV9F0=
-10,-11,7pwnB+4rNJd/ZiU6FKVgH8wb378=,UdPuEvM+uaHr2R0/yBmPVGMtFXU=
-4,-10,7pwnB+4rNJd/ZiU6FKVgH8wb378=,SPadsfd2dutpZ5BWDFUD5aiuKvE=
-10,-8,7pwnB+4rNJd/ZiU6FKVgH8wb378=,39zJTRKoun8O3mRgjEbTP3WcQU4=
-8,-11,7pwnB+4rNJd/ZiU6FKVgH8wb378=,Ki0IhGAWvPZJJWnCx7jNJCMwPUA=
-6,-11,7pwnB+4rNJd/ZiU6FKVgH8wb378=,pfCxI4IAT0uOwcNLDmaKaDJpG0g=
-4,-11,7pwnB+4rNJd/ZiU6FKVgH8wb378=,0MH+60VPkoG+xA3r5hYn0rifh0Q=
-11,-8,7pwnB+4rNJd/ZiU6FKVgH8wb378=,DZ7F8au/F+qyaQvF+NsRJoSD/Zw=
-7,-11,7pwnB+4rNJd/ZiU6FKVgH8wb378=,Ki0IhGAWvPZJJWnCx7jNJCMwPUA=
-9,-11,7pwnB+4rNJd/ZiU6FKVgH8wb378=,UdPuEvM+uaHr2R0/yBmPVGMtFXU=
-11,-9,7pwnB+4rNJd/ZiU6FKVgH8wb378=,Qmdf7J8q5y8yj0cftIL1XZnX1Wg=
-10,-9,7pwnB+4rNJd/ZiU6FKVgH8wb378=,hbaubHO73BcTZH0LMlFls81TwXM=
-5,-10,7pwnB+4rNJd/ZiU6FKVgH8wb378=,FGC8hoUK0SOagf7csbvZe+xd5uY=
-5,-11,7pwnB+4rNJd/ZiU6FKVgH8wb378=,pfCxI4IAT0uOwcNLDmaKaDJpG0g=
-9,-10,7pwnB+4rNJd/ZiU6FKVgH8wb378=,hbaubHO73BcTZH0LMlFls81TwXM=
-8,-10,7pwnB+4rNJd/ZiU6FKVgH8wb378=,FGC8hoUK0SOagf7csbvZe+xd5uY=
-5,-8,7pwnB+4rNJd/ZiU6FKVgH8wb378=,39zJTRKoun8O3mRgjEbTP3WcQU4=
-5,-9,7pwnB+4rNJd/ZiU6FKVgH8wb378=,FGC8hoUK0SOagf7csbvZe+xd5uY=
-4,-9,7pwnB+4rNJd/ZiU6FKVgH8wb378=,SPadsfd2dutpZ5BWDFUD5aiuKvE=
-4,-8,7pwnB+4rNJd/ZiU6FKVgH8wb378=,1fx9v24NKp17FwH/KYjPSQZKu6o=
-7,-10,7pwnB+4rNJd/ZiU6FKVgH8wb378=,FGC8hoUK0SOagf7csbvZe+xd5uY=
-5,-7,EemxSm81LyqM6XpoKsBwrf9/nZ8=,39zJTRKoun8O3mRgjEbTP3WcQU4=
-6,-10,EemxSm81LyqM6XpoKsBwrf9/nZ8=,FGC8hoUK0SOagf7csbvZe+xd5uY=
-1,-16,EemxSm81LyqM6XpoKsBwrf9/nZ8=,Qmf2LHZT+HOw8GR+8BeMlBGHIVk=
-7,-9,EemxSm81LyqM6XpoKsBwrf9/nZ8=,FGC8hoUK0SOagf7csbvZe+xd5uY=
-8,-4,EemxSm81LyqM6XpoKsBwrf9/nZ8=,0ey8dM1HrFwW9zBMqPdF9z/g3js=
-6,-6,EemxSm81LyqM6XpoKsBwrf9/nZ8=,oeYE6Q7tIQQFNYV7winqF+jF08I=
-6,-8,EemxSm81LyqM6XpoKsBwrf9/nZ8=,39zJTRKoun8O3mRgjEbTP3WcQU4=
-8,-8,EemxSm81LyqM6XpoKsBwrf9/nZ8=,39zJTRKoun8O3mRgjEbTP3WcQU4=
-8,-9,EemxSm81LyqM6XpoKsBwrf9/nZ8=,FGC8hoUK0SOagf7csbvZe+xd5uY=
-1,-1,EemxSm81LyqM6XpoKsBwrf9/nZ8=,FJnMaaio+UqfpSeLTzNbAA2QoH4=
-8,-5,EemxSm81LyqM6XpoKsBwrf9/nZ8=,TflYP+dFbbjaA69fKRGCj6OHN2E=
-5,-4,EemxSm81LyqM6XpoKsBwrf9/nZ8=,GnaQfSBAzr0HjPFJB5JYFQ7xxRg=
-4,-7,EemxSm81LyqM6XpoKsBwrf9/nZ8=,1fx9v24NKp17FwH/KYjPSQZKu6o=
-7,-4,EemxSm81LyqM6XpoKsBwrf9/nZ8=,0ey8dM1HrFwW9zBMqPdF9z/g3js=
-5,-5,EemxSm81LyqM6XpoKsBwrf9/nZ8=,oeYE6Q7tIQQFNYV7winqF+jF08I=
-6,-7,EemxSm81LyqM6XpoKsBwrf9/nZ8=,39zJTRKoun8O3mRgjEbTP3WcQU4=
-16,-16,EemxSm81LyqM6XpoKsBwrf9/nZ8=,hgdFyMZQ2/r3ysZqHKSQmddXtTE=
-6,-5,EemxSm81LyqM6XpoKsBwrf9/nZ8=,oeYE6Q7tIQQFNYV7winqF+jF08I=
-6,-9,EemxSm81LyqM6XpoKsBwrf9/nZ8=,FGC8hoUK0SOagf7csbvZe+xd5uY=
-7,-8,EemxSm81LyqM6XpoKsBwrf9/nZ8=,39zJTRKoun8O3mRgjEbTP3WcQU4=
-7,-5,EemxSm81LyqM6XpoKsBwrf9/nZ8=,TflYP+dFbbjaA69fKRGCj6OHN2E=
-9,-5,EemxSm81LyqM6XpoKsBwrf9/nZ8=,4lyVvu5s4d5tQSkCEkC/sLpiO28=
-4,-6,EemxSm81LyqM6XpoKsBwrf9/nZ8=,KmO03qkU+yRzr/u8mZ63M701hKQ=
-4,-5,EemxSm81LyqM6XpoKsBwrf9/nZ8=,KmO03qkU+yRzr/u8mZ63M701hKQ=
-4,-4,EemxSm81LyqM6XpoKsBwrf9/nZ8=,N3AlsFwwyIidf1EuZck8wetaTk0=
-9,-9,EemxSm81LyqM6XpoKsBwrf9/nZ8=,hbaubHO73BcTZH0LMlFls81TwXM=
-5,-6,EemxSm81LyqM6XpoKsBwrf9/nZ8=,oeYE6Q7tIQQFNYV7winqF+jF08I=
-6,-4,EemxSm81LyqM6XpoKsBwrf9/nZ8=,GnaQfSBAzr0HjPFJB5JYFQ7xxRg=
-9,-8,EemxSm81LyqM6XpoKsBwrf9/nZ8=,39zJTRKoun8O3mRgjEbTP3WcQU4=
-9,-4,EemxSm81LyqM6XpoKsBwrf9/nZ8=,Sh3sJhJgpnlx9W47Kk9oLOPtt30=
-9,-6,EemxSm81LyqM6XpoKsBwrf9/nZ8=,4lyVvu5s4d5tQSkCEkC/sLpiO28=
-8,-7,EemxSm81LyqM6XpoKsBwrf9/nZ8=,39zJTRKoun8O3mRgjEbTP3WcQU4=
-7,-6,EemxSm81LyqM6XpoKsBwrf9/nZ8=,TflYP+dFbbjaA69fKRGCj6OHN2E=
-8,-6,EemxSm81LyqM6XpoKsBwrf9/nZ8=,TflYP+dFbbjaA69fKRGCj6OHN2E=
-9,-7,EemxSm81LyqM6XpoKsBwrf9/nZ8=,39zJTRKoun8O3mRgjEbTP3WcQU4=
-7,-7,EemxSm81LyqM6XpoKsBwrf9/nZ8=,39zJTRKoun8O3mRgjEbTP3WcQU4=
-9,-18,8/TJxB+jxCEvZ1x5pllb1qtXpUg=,/svFbqTfwNFPSynhWozt52qY0XA=
-9,-19,8/TJxB+jxCEvZ1x5pllb1qtXpUg=,1WgcZRmYsy24cuquypw7mkvDXb0=
-8,-18,8/TJxB+jxCEvZ1x5pllb1qtXpUg=,8cLWmkUnhUKDIdr7wCZQ3Xrr0GU=
-8,-19,8/TJxB+jxCEvZ1x5pllb1qtXpUg=,alDYG3p2Cr/659Rhp0FIMvq7An8=
-9,-21,8/TJxB+jxCEvZ1x5pllb1qtXpUg=,2N4KUAidU0fGbRc75t+Q7ggFHc4=
-8,-20,8/TJxB+jxCEvZ1x5pllb1qtXpUg=,alDYG3p2Cr/659Rhp0FIMvq7An8=
-8,-21,8/TJxB+jxCEvZ1x5pllb1qtXpUg=,90nftfWTZ2GXhG81+mubH0z5Y+w=
-9,-20,8/TJxB+jxCEvZ1x5pllb1qtXpUg=,1WgcZRmYsy24cuquypw7mkvDXb0=
-11,-19,8/TJxB+jxCEvZ1x5pllb1qtXpUg=,Hox625BEi/iYKkq7AKUTND/xulk=
-10,-18,8/TJxB+jxCEvZ1x5pllb1qtXpUg=,/svFbqTfwNFPSynhWozt52qY0XA=
-10,-19,8/TJxB+jxCEvZ1x5pllb1qtXpUg=,1WgcZRmYsy24cuquypw7mkvDXb0=
-11,-18,8/TJxB+jxCEvZ1x5pllb1qtXpUg=,jWVylJ5BLmliiRcsMevACILtlCM=
-12,-20,8/TJxB+jxCEvZ1x5pllb1qtXpUg=,Hox625BEi/iYKkq7AKUTND/xulk=
-13,-20,8/TJxB+jxCEvZ1x5pllb1qtXpUg=,y8wxkI7FCHr3iFUNIL7CXiMyqno=
-12,-21,8/TJxB+jxCEvZ1x5pllb1qtXpUg=,MJPkRd7VoFGIPFbLD31cAdFHwpw=
-10,-21,8/TJxB+jxCEvZ1x5pllb1qtXpUg=,2N4KUAidU0fGbRc75t+Q7ggFHc4=
-13,-21,8/TJxB+jxCEvZ1x5pllb1qtXpUg=,KPpMdqSp5VntJWMXZqLEc2Ahl+Q=
-11,-21,8/TJxB+jxCEvZ1x5pllb1qtXpUg=,MJPkRd7VoFGIPFbLD31cAdFHwpw=
-10,-20,8/TJxB+jxCEvZ1x5pllb1qtXpUg=,1WgcZRmYsy24cuquypw7mkvDXb0=
-13,-18,n5im7y75QLaMmfb5buXJsbGWvsc=,TXjdSCcOboD9D6Y0Y6v1Tb11FO8=
-12,-18,n5im7y75QLaMmfb5buXJsbGWvsc=,jWVylJ5BLmliiRcsMevACILtlCM=
-12,-19,n5im7y75QLaMmfb5buXJsbGWvsc=,Hox625BEi/iYKkq7AKUTND/xulk=
-13,-19,n5im7y75QLaMmfb5buXJsbGWvsc=,y8wxkI7FCHr3iFUNIL7CXiMyqno=
-11,-20,n5im7y75QLaMmfb5buXJsbGWvsc=,Hox625BEi/iYKkq7AKUTND/xulk=
-15,-19,n5im7y75QLaMmfb5buXJsbGWvsc=,r9XRkuHyUDLgQBMA3UB1JNxHYSg=
-15,-18,n5im7y75QLaMmfb5buXJsbGWvsc=,dP7UYWSEj2Ck0rxf3439ngTLDAE=
-14,-19,n5im7y75QLaMmfb5buXJsbGWvsc=,y8wxkI7FCHr3iFUNIL7CXiMyqno=
-14,-18,n5im7y75QLaMmfb5buXJsbGWvsc=,TXjdSCcOboD9D6Y0Y6v1Tb11FO8=
-15,-20,n5im7y75QLaMmfb5buXJsbGWvsc=,r9XRkuHyUDLgQBMA3UB1JNxHYSg=
-14,-20,n5im7y75QLaMmfb5buXJsbGWvsc=,y8wxkI7FCHr3iFUNIL7CXiMyqno=
-16,-18,n5im7y75QLaMmfb5buXJsbGWvsc=,dP7UYWSEj2Ck0rxf3439ngTLDAE=
-15,-21,n5im7y75QLaMmfb5buXJsbGWvsc=,dTPnIgTpj8P2y3s6Cfcu1dkJu1M=
-14,-17,n5im7y75QLaMmfb5buXJsbGWvsc=,TXjdSCcOboD9D6Y0Y6v1Tb11FO8=
-14,-21,n5im7y75QLaMmfb5buXJsbGWvsc=,KPpMdqSp5VntJWMXZqLEc2Ahl+Q=
-16,-19,n5im7y75QLaMmfb5buXJsbGWvsc=,r9XRkuHyUDLgQBMA3UB1JNxHYSg=
-12,-17,n5im7y75QLaMmfb5buXJsbGWvsc=,jWVylJ5BLmliiRcsMevACILtlCM=
-13,-17,n5im7y75QLaMmfb5buXJsbGWvsc=,TXjdSCcOboD9D6Y0Y6v1Tb11FO8=
-15,-17,n5im7y75QLaMmfb5buXJsbGWvsc=,dP7UYWSEj2Ck0rxf3439ngTLDAE=
-11,-17,n5im7y75QLaMmfb5buXJsbGWvsc=,jWVylJ5BLmliiRcsMevACILtlCM=
-16,-20,n5im7y75QLaMmfb5buXJsbGWvsc=,r9XRkuHyUDLgQBMA3UB1JNxHYSg=
-10,-17,n5im7y75QLaMmfb5buXJsbGWvsc=,/svFbqTfwNFPSynhWozt52qY0XA=
-9,-17,n5im7y75QLaMmfb5buXJsbGWvsc=,/svFbqTfwNFPSynhWozt52qY0XA=
-16,-21,n5im7y75QLaMmfb5buXJsbGWvsc=,dTPnIgTpj8P2y3s6Cfcu1dkJu1M=
-8,-17,n5im7y75QLaMmfb5buXJsbGWvsc=,8cLWmkUnhUKDIdr7wCZQ3Xrr0GU=
-7,-21,n5im7y75QLaMmfb5buXJsbGWvsc=,90nftfWTZ2GXhG81+mubH0z5Y+w=
-7,-20,RhsC2Jx2rwCd+Qy1obt0Em4Ftq4=,alDYG3p2Cr/659Rhp0FIMvq7An8=
-6,-20,RhsC2Jx2rwCd+Qy1obt0Em4Ftq4=,pEyHt4zFOxnEXDLmyvUglSg2/2c=
-6,-21,RhsC2Jx2rwCd+Qy1obt0Em4Ftq4=,ZVGKPAeChiEQLwo+gJbVh9hLRCI=
-3,-21,RhsC2Jx2rwCd+Qy1obt0Em4Ftq4=,nRPXAWGq5knWDE1Xw7zk6IxrDDw=
-2,-21,RhsC2Jx2rwCd+Qy1obt0Em4Ftq4=,l2jzWtq0QgxzdvxwBAeyMTaPmnk=
-2,-20,RhsC2Jx2rwCd+Qy1obt0Em4Ftq4=,ocIvSMZBXWrBX7pVinNzyV0/RIQ=
-3,-20,RhsC2Jx2rwCd+Qy1obt0Em4Ftq4=,6y/l7X2B1q/Sx5fejtWDWAh0PAU=
-3,-18,RhsC2Jx2rwCd+Qy1obt0Em4Ftq4=,3lRv0XyPj/Z+R64i995eNCMeeIk=
-3,-19,RhsC2Jx2rwCd+Qy1obt0Em4Ftq4=,6y/l7X2B1q/Sx5fejtWDWAh0PAU=
-4,-20,RhsC2Jx2rwCd+Qy1obt0Em4Ftq4=,6y/l7X2B1q/Sx5fejtWDWAh0PAU=
-1,-20,RhsC2Jx2rwCd+Qy1obt0Em4Ftq4=,ocIvSMZBXWrBX7pVinNzyV0/RIQ=
-5,-21,RhsC2Jx2rwCd+Qy1obt0Em4Ftq4=,ZVGKPAeChiEQLwo+gJbVh9hLRCI=
-1,-21,RhsC2Jx2rwCd+Qy1obt0Em4Ftq4=,l2jzWtq0QgxzdvxwBAeyMTaPmnk=
-2,-18,RhsC2Jx2rwCd+Qy1obt0Em4Ftq4=,iJK2ho4xn5ZShzWeYS+Mbsqplnw=
-5,-20,RhsC2Jx2rwCd+Qy1obt0Em4Ftq4=,pEyHt4zFOxnEXDLmyvUglSg2/2c=
-4,-21,RhsC2Jx2rwCd+Qy1obt0Em4Ftq4=,nRPXAWGq5knWDE1Xw7zk6IxrDDw=
-2,-19,RhsC2Jx2rwCd+Qy1obt0Em4Ftq4=,ocIvSMZBXWrBX7pVinNzyV0/RIQ=
-5,-19,RhsC2Jx2rwCd+Qy1obt0Em4Ftq4=,pEyHt4zFOxnEXDLmyvUglSg2/2c=
-6,-18,RhsC2Jx2rwCd+Qy1obt0Em4Ftq4=,9cLk0wLsEXOx1NOTgx0+PstOMR0=
-6,-17,RhsC2Jx2rwCd+Qy1obt0Em4Ftq4=,9cLk0wLsEXOx1NOTgx0+PstOMR0=
-6,-19,RhsC2Jx2rwCd+Qy1obt0Em4Ftq4=,pEyHt4zFOxnEXDLmyvUglSg2/2c=
-5,-17,RhsC2Jx2rwCd+Qy1obt0Em4Ftq4=,9cLk0wLsEXOx1NOTgx0+PstOMR0=
-5,-18,RhsC2Jx2rwCd+Qy1obt0Em4Ftq4=,9cLk0wLsEXOx1NOTgx0+PstOMR0=
-9,-22,RhsC2Jx2rwCd+Qy1obt0Em4Ftq4=,2N4KUAidU0fGbRc75t+Q7ggFHc4=
-4,-18,RhsC2Jx2rwCd+Qy1obt0Em4Ftq4=,3lRv0XyPj/Z+R64i995eNCMeeIk=
-7,-19,RhsC2Jx2rwCd+Qy1obt0Em4Ftq4=,alDYG3p2Cr/659Rhp0FIMvq7An8=
-6,-22,RhsC2Jx2rwCd+Qy1obt0Em4Ftq4=,ZVGKPAeChiEQLwo+gJbVh9hLRCI=
-7,-22,RhsC2Jx2rwCd+Qy1obt0Em4Ftq4=,90nftfWTZ2GXhG81+mubH0z5Y+w=
-4,-19,RhsC2Jx2rwCd+Qy1obt0Em4Ftq4=,6y/l7X2B1q/Sx5fejtWDWAh0PAU=
-16,-17,RhsC2Jx2rwCd+Qy1obt0Em4Ftq4=,dP7UYWSEj2Ck0rxf3439ngTLDAE=
-14,-22,RhsC2Jx2rwCd+Qy1obt0Em4Ftq4=,KPpMdqSp5VntJWMXZqLEc2Ahl+Q=
-10,-22,RhsC2Jx2rwCd+Qy1obt0Em4Ftq4=,2N4KUAidU0fGbRc75t+Q7ggFHc4=
-15,-22,RhsC2Jx2rwCd+Qy1obt0Em4Ftq4=,dTPnIgTpj8P2y3s6Cfcu1dkJu1M=
-8,-22,RhsC2Jx2rwCd+Qy1obt0Em4Ftq4=,90nftfWTZ2GXhG81+mubH0z5Y+w=
-3,-22,RhsC2Jx2rwCd+Qy1obt0Em4Ftq4=,nRPXAWGq5knWDE1Xw7zk6IxrDDw=
-7,-17,RhsC2Jx2rwCd+Qy1obt0Em4Ftq4=,8cLWmkUnhUKDIdr7wCZQ3Xrr0GU=
-12,-22,RhsC2Jx2rwCd+Qy1obt0Em4Ftq4=,MJPkRd7VoFGIPFbLD31cAdFHwpw=
-1,-22,RhsC2Jx2rwCd+Qy1obt0Em4Ftq4=,l2jzWtq0QgxzdvxwBAeyMTaPmnk=
-4,-22,RhsC2Jx2rwCd+Qy1obt0Em4Ftq4=,nRPXAWGq5knWDE1Xw7zk6IxrDDw=
-2,-17,RhsC2Jx2rwCd+Qy1obt0Em4Ftq4=,iJK2ho4xn5ZShzWeYS+Mbsqplnw=
-5,-22,RhsC2Jx2rwCd+Qy1obt0Em4Ftq4=,ZVGKPAeChiEQLwo+gJbVh9hLRCI=
-2,-22,RhsC2Jx2rwCd+Qy1obt0Em4Ftq4=,l2jzWtq0QgxzdvxwBAeyMTaPmnk=
-1,-17,RhsC2Jx2rwCd+Qy1obt0Em4Ftq4=,iJK2ho4xn5ZShzWeYS+Mbsqplnw=
-4,-17,RhsC2Jx2rwCd+Qy1obt0Em4Ftq4=,3lRv0XyPj/Z+R64i995eNCMeeIk=
-16,-22,RhsC2Jx2rwCd+Qy1obt0Em4Ftq4=,dTPnIgTpj8P2y3s6Cfcu1dkJu1M=
-3,-17,RhsC2Jx2rwCd+Qy1obt0Em4Ftq4=,3lRv0XyPj/Z+R64i995eNCMeeIk=
-1,-18,RhsC2Jx2rwCd+Qy1obt0Em4Ftq4=,iJK2ho4xn5ZShzWeYS+Mbsqplnw=
-11,-22,RhsC2Jx2rwCd+Qy1obt0Em4Ftq4=,MJPkRd7VoFGIPFbLD31cAdFHwpw=
-7,-18,RhsC2Jx2rwCd+Qy1obt0Em4Ftq4=,8cLWmkUnhUKDIdr7wCZQ3Xrr0GU=
-1,-19,RhsC2Jx2rwCd+Qy1obt0Em4Ftq4=,ocIvSMZBXWrBX7pVinNzyV0/RIQ=
-13,-22,RhsC2Jx2rwCd+Qy1obt0Em4Ftq4=,KPpMdqSp5VntJWMXZqLEc2Ahl+Q=
-28,-21,BI4gAj1TMcv006LvNaQ2JRwUWrs=,oSZkpt4DLCQT6qEukKkoZVW/ojU=
-29,-20,BI4gAj1TMcv006LvNaQ2JRwUWrs=,wIcvHzpeLm7OPOEOU0CvsWEWeVk=
-28,-20,BI4gAj1TMcv006LvNaQ2JRwUWrs=,29ru7yqfZQW17y8xRKj5RErzKio=
-29,-21,BI4gAj1TMcv006LvNaQ2JRwUWrs=,wIcvHzpeLm7OPOEOU0CvsWEWeVk=
-31,-18,xf0L9bHlbFUX8/BflDht2yb2QRw=,SkaAmT3d1WyF1LaqFzg0IcWnt1w=
-28,-19,xf0L9bHlbFUX8/BflDht2yb2QRw=,29ru7yqfZQW17y8xRKj5RErzKio=
-30,-18,xf0L9bHlbFUX8/BflDht2yb2QRw=,z0xHrPPIzYEDPRQmJKnqpWi4Z3o=
-28,-18,xf0L9bHlbFUX8/BflDht2yb2QRw=,29ru7yqfZQW17y8xRKj5RErzKio=
-29,-19,xf0L9bHlbFUX8/BflDht2yb2QRw=,wIcvHzpeLm7OPOEOU0CvsWEWeVk=
-29,-18,xf0L9bHlbFUX8/BflDht2yb2QRw=,z0xHrPPIzYEDPRQmJKnqpWi4Z3o=
-31,-19,xf0L9bHlbFUX8/BflDht2yb2QRw=,SkaAmT3d1WyF1LaqFzg0IcWnt1w=
-30,-19,xf0L9bHlbFUX8/BflDht2yb2QRw=,wIcvHzpeLm7OPOEOU0CvsWEWeVk=
-26,-18,xf0L9bHlbFUX8/BflDht2yb2QRw=,7w0PZzeQnBNipsWJp0mG2mYMbCA=
-27,-19,xf0L9bHlbFUX8/BflDht2yb2QRw=,29ru7yqfZQW17y8xRKj5RErzKio=
-26,-20,xf0L9bHlbFUX8/BflDht2yb2QRw=,J4DxN6bI5Udimqsnj1V9yvZxAJU=
-27,-21,xf0L9bHlbFUX8/BflDht2yb2QRw=,oSZkpt4DLCQT6qEukKkoZVW/ojU=
-27,-18,xf0L9bHlbFUX8/BflDht2yb2QRw=,29ru7yqfZQW17y8xRKj5RErzKio=
-27,-20,xf0L9bHlbFUX8/BflDht2yb2QRw=,29ru7yqfZQW17y8xRKj5RErzKio=
-26,-19,xf0L9bHlbFUX8/BflDht2yb2QRw=,J4DxN6bI5Udimqsnj1V9yvZxAJU=
-26,-21,xf0L9bHlbFUX8/BflDht2yb2QRw=,wEqutHDIx6j11TOLTbyqpZ5SgeE=
-25,-20,xf0L9bHlbFUX8/BflDht2yb2QRw=,J4DxN6bI5Udimqsnj1V9yvZxAJU=
-24,-21,xf0L9bHlbFUX8/BflDht2yb2QRw=,x3QPrKspyLYKIpFrUPIsxyhZpSI=
-24,-20,xf0L9bHlbFUX8/BflDht2yb2QRw=,petbtK8RIDWKb7quAgzMQa8zYaQ=
-24,-19,xf0L9bHlbFUX8/BflDht2yb2QRw=,petbtK8RIDWKb7quAgzMQa8zYaQ=
-25,-19,xf0L9bHlbFUX8/BflDht2yb2QRw=,J4DxN6bI5Udimqsnj1V9yvZxAJU=
-25,-21,xf0L9bHlbFUX8/BflDht2yb2QRw=,wEqutHDIx6j11TOLTbyqpZ5SgeE=
-25,-18,xf0L9bHlbFUX8/BflDht2yb2QRw=,7w0PZzeQnBNipsWJp0mG2mYMbCA=
-24,-18,xf0L9bHlbFUX8/BflDht2yb2QRw=,tJFcP/VQdxwwf+lzkIcI5b3iV4M=
-22,-18,xf0L9bHlbFUX8/BflDht2yb2QRw=,Fb/EswMBEbFNaA3g57HZzVXPhdk=
-22,-19,xf0L9bHlbFUX8/BflDht2yb2QRw=,+A6AnovKOnXpObRXdbC+aOejS58=
-23,-18,xf0L9bHlbFUX8/BflDht2yb2QRw=,tJFcP/VQdxwwf+lzkIcI5b3iV4M=
-23,-19,xf0L9bHlbFUX8/BflDht2yb2QRw=,petbtK8RIDWKb7quAgzMQa8zYaQ=
-23,-21,JCgtKBfMvFGEH75W9v+mGcbZg5U=,x3QPrKspyLYKIpFrUPIsxyhZpSI=
-22,-21,JCgtKBfMvFGEH75W9v+mGcbZg5U=,Drr3IJRsS0cut68azYTGZP+8LT0=
-21,-19,JCgtKBfMvFGEH75W9v+mGcbZg5U=,+A6AnovKOnXpObRXdbC+aOejS58=
-21,-21,JCgtKBfMvFGEH75W9v+mGcbZg5U=,Drr3IJRsS0cut68azYTGZP+8LT0=
-20,-19,JCgtKBfMvFGEH75W9v+mGcbZg5U=,kRBx6ol2T32lVa84i7kPMzTchOI=
-20,-20,JCgtKBfMvFGEH75W9v+mGcbZg5U=,kRBx6ol2T32lVa84i7kPMzTchOI=
-20,-21,JCgtKBfMvFGEH75W9v+mGcbZg5U=,8UoRNlQZz+MLjDiOCqzQJJYNZtc=
-21,-18,JCgtKBfMvFGEH75W9v+mGcbZg5U=,Fb/EswMBEbFNaA3g57HZzVXPhdk=
-20,-18,JCgtKBfMvFGEH75W9v+mGcbZg5U=,pJwhqW7JMMFOJaCGV9aTn63tMCY=
-23,-20,JCgtKBfMvFGEH75W9v+mGcbZg5U=,petbtK8RIDWKb7quAgzMQa8zYaQ=
-21,-20,JCgtKBfMvFGEH75W9v+mGcbZg5U=,+A6AnovKOnXpObRXdbC+aOejS58=
-22,-20,JCgtKBfMvFGEH75W9v+mGcbZg5U=,+A6AnovKOnXpObRXdbC+aOejS58=
-18,-20,JCgtKBfMvFGEH75W9v+mGcbZg5U=,kRBx6ol2T32lVa84i7kPMzTchOI=
-18,-21,JCgtKBfMvFGEH75W9v+mGcbZg5U=,FQc60v8WwSMPrsDMwvhEF2jvpR4=
-19,-21,JCgtKBfMvFGEH75W9v+mGcbZg5U=,8UoRNlQZz+MLjDiOCqzQJJYNZtc=
-17,-19,JCgtKBfMvFGEH75W9v+mGcbZg5U=,kRBx6ol2T32lVa84i7kPMzTchOI=
-19,-18,JCgtKBfMvFGEH75W9v+mGcbZg5U=,pJwhqW7JMMFOJaCGV9aTn63tMCY=
-19,-20,JCgtKBfMvFGEH75W9v+mGcbZg5U=,kRBx6ol2T32lVa84i7kPMzTchOI=
-19,-19,JCgtKBfMvFGEH75W9v+mGcbZg5U=,kRBx6ol2T32lVa84i7kPMzTchOI=
-18,-19,JCgtKBfMvFGEH75W9v+mGcbZg5U=,kRBx6ol2T32lVa84i7kPMzTchOI=
-17,-18,JCgtKBfMvFGEH75W9v+mGcbZg5U=,dP7UYWSEj2Ck0rxf3439ngTLDAE=
-18,-18,JCgtKBfMvFGEH75W9v+mGcbZg5U=,dP7UYWSEj2Ck0rxf3439ngTLDAE=
-19,-17,JCgtKBfMvFGEH75W9v+mGcbZg5U=,pJwhqW7JMMFOJaCGV9aTn63tMCY=
-22,-17,JCgtKBfMvFGEH75W9v+mGcbZg5U=,Fb/EswMBEbFNaA3g57HZzVXPhdk=
-18,-17,JCgtKBfMvFGEH75W9v+mGcbZg5U=,dP7UYWSEj2Ck0rxf3439ngTLDAE=
-21,-17,JCgtKBfMvFGEH75W9v+mGcbZg5U=,Fb/EswMBEbFNaA3g57HZzVXPhdk=
-23,-17,JCgtKBfMvFGEH75W9v+mGcbZg5U=,tJFcP/VQdxwwf+lzkIcI5b3iV4M=
-20,-17,JCgtKBfMvFGEH75W9v+mGcbZg5U=,pJwhqW7JMMFOJaCGV9aTn63tMCY=
-25,-17,JCgtKBfMvFGEH75W9v+mGcbZg5U=,7w0PZzeQnBNipsWJp0mG2mYMbCA=
-24,-17,JCgtKBfMvFGEH75W9v+mGcbZg5U=,tJFcP/VQdxwwf+lzkIcI5b3iV4M=
-28,-17,JCgtKBfMvFGEH75W9v+mGcbZg5U=,29ru7yqfZQW17y8xRKj5RErzKio=
-27,-17,JCgtKBfMvFGEH75W9v+mGcbZg5U=,29ru7yqfZQW17y8xRKj5RErzKio=
-29,-17,JCgtKBfMvFGEH75W9v+mGcbZg5U=,z0xHrPPIzYEDPRQmJKnqpWi4Z3o=
-30,-17,JCgtKBfMvFGEH75W9v+mGcbZg5U=,z0xHrPPIzYEDPRQmJKnqpWi4Z3o=
-26,-17,JCgtKBfMvFGEH75W9v+mGcbZg5U=,7w0PZzeQnBNipsWJp0mG2mYMbCA=
-31,-17,JCgtKBfMvFGEH75W9v+mGcbZg5U=,SkaAmT3d1WyF1LaqFzg0IcWnt1w=
-32,-18,dqHU79j/B7lKtI/5yESzUxMen4E=,SkaAmT3d1WyF1LaqFzg0IcWnt1w=
-32,-19,dqHU79j/B7lKtI/5yESzUxMen4E=,SkaAmT3d1WyF1LaqFzg0IcWnt1w=
-32,-17,dqHU79j/B7lKtI/5yESzUxMen4E=,SkaAmT3d1WyF1LaqFzg0IcWnt1w=
-31,-22,dqHU79j/B7lKtI/5yESzUxMen4E=,etr1LgjT6Xk+Zb8xnWIpM6Ju26I=
-30,-22,dqHU79j/B7lKtI/5yESzUxMen4E=,wIcvHzpeLm7OPOEOU0CvsWEWeVk=
-32,-22,dqHU79j/B7lKtI/5yESzUxMen4E=,etr1LgjT6Xk+Zb8xnWIpM6Ju26I=
-24,-22,dqHU79j/B7lKtI/5yESzUxMen4E=,x3QPrKspyLYKIpFrUPIsxyhZpSI=
-25,-22,dqHU79j/B7lKtI/5yESzUxMen4E=,wEqutHDIx6j11TOLTbyqpZ5SgeE=
-32,-20,dqHU79j/B7lKtI/5yESzUxMen4E=,SkaAmT3d1WyF1LaqFzg0IcWnt1w=
-26,-22,dqHU79j/B7lKtI/5yESzUxMen4E=,wEqutHDIx6j11TOLTbyqpZ5SgeE=
-31,-20,dqHU79j/B7lKtI/5yESzUxMen4E=,SkaAmT3d1WyF1LaqFzg0IcWnt1w=
-27,-22,dqHU79j/B7lKtI/5yESzUxMen4E=,oSZkpt4DLCQT6qEukKkoZVW/ojU=
-19,-22,dqHU79j/B7lKtI/5yESzUxMen4E=,8UoRNlQZz+MLjDiOCqzQJJYNZtc=
-28,-22,dqHU79j/B7lKtI/5yESzUxMen4E=,oSZkpt4DLCQT6qEukKkoZVW/ojU=
-21,-22,dqHU79j/B7lKtI/5yESzUxMen4E=,Drr3IJRsS0cut68azYTGZP+8LT0=
-30,-20,dqHU79j/B7lKtI/5yESzUxMen4E=,wIcvHzpeLm7OPOEOU0CvsWEWeVk=
-18,-22,dqHU79j/B7lKtI/5yESzUxMen4E=,FQc60v8WwSMPrsDMwvhEF2jvpR4=
-29,-22,dqHU79j/B7lKtI/5yESzUxMen4E=,wIcvHzpeLm7OPOEOU0CvsWEWeVk=
-22,-22,dqHU79j/B7lKtI/5yESzUxMen4E=,Drr3IJRsS0cut68azYTGZP+8LT0=
-20,-22,dqHU79j/B7lKtI/5yESzUxMen4E=,8UoRNlQZz+MLjDiOCqzQJJYNZtc=
-23,-22,dqHU79j/B7lKtI/5yESzUxMen4E=,x3QPrKspyLYKIpFrUPIsxyhZpSI=
-30,-21,dqHU79j/B7lKtI/5yESzUxMen4E=,wIcvHzpeLm7OPOEOU0CvsWEWeVk=
-32,-21,dqHU79j/B7lKtI/5yESzUxMen4E=,etr1LgjT6Xk+Zb8xnWIpM6Ju26I=
-31,-21,dqHU79j/B7lKtI/5yESzUxMen4E=,etr1LgjT6Xk+Zb8xnWIpM6Ju26I=
-17,-22,dqHU79j/B7lKtI/5yESzUxMen4E=,FQc60v8WwSMPrsDMwvhEF2jvpR4=
-17,-20,dqHU79j/B7lKtI/5yESzUxMen4E=,kRBx6ol2T32lVa84i7kPMzTchOI=
-17,-21,dqHU79j/B7lKtI/5yESzUxMen4E=,FQc60v8WwSMPrsDMwvhEF2jvpR4=
-17,-17,dqHU79j/B7lKtI/5yESzUxMen4E=,dP7UYWSEj2Ck0rxf3439ngTLDAE=
-30,-3,Pv2FFyfjW7DUg1aaP3qD7sfNgTc=,VUp2BxoAS50DM1Tl8HHUkBpJrbM=
-31,-3,Pv2FFyfjW7DUg1aaP3qD7sfNgTc=,lTtceQnARrLk1Wz9xdbTFc/EQz4=
-30,-2,Pv2FFyfjW7DUg1aaP3qD7sfNgTc=,VUp2BxoAS50DM1Tl8HHUkBpJrbM=
-31,-2,Pv2FFyfjW7DUg1aaP3qD7sfNgTc=,lTtceQnARrLk1Wz9xdbTFc/EQz4=
-28,-2,Pv2FFyfjW7DUg1aaP3qD7sfNgTc=,yZO5yOq0QKNzpdqqCMulfxgi3SQ=
-29,-3,Pv2FFyfjW7DUg1aaP3qD7sfNgTc=,VUp2BxoAS50DM1Tl8HHUkBpJrbM=
-26,-2,Pv2FFyfjW7DUg1aaP3qD7sfNgTc=,Y6f+a4vaujeSS0BAOrct3ntgn2Q=
-26,-3,Pv2FFyfjW7DUg1aaP3qD7sfNgTc=,5QTQ9mzP352z8+P186J2INYAhNY=
-27,-2,Pv2FFyfjW7DUg1aaP3qD7sfNgTc=,yZO5yOq0QKNzpdqqCMulfxgi3SQ=
-27,-3,Pv2FFyfjW7DUg1aaP3qD7sfNgTc=,izdlrdkVnTJ6b6GJ6H0sUQETl1o=
-28,-3,Pv2FFyfjW7DUg1aaP3qD7sfNgTc=,izdlrdkVnTJ6b6GJ6H0sUQETl1o=
-29,-2,Pv2FFyfjW7DUg1aaP3qD7sfNgTc=,VUp2BxoAS50DM1Tl8HHUkBpJrbM=
-27,-5,Pv2FFyfjW7DUg1aaP3qD7sfNgTc=,izdlrdkVnTJ6b6GJ6H0sUQETl1o=
-26,-5,Pv2FFyfjW7DUg1aaP3qD7sfNgTc=,5QTQ9mzP352z8+P186J2INYAhNY=
-27,-4,Pv2FFyfjW7DUg1aaP3qD7sfNgTc=,izdlrdkVnTJ6b6GJ6H0sUQETl1o=
-26,-4,Pv2FFyfjW7DUg1aaP3qD7sfNgTc=,5QTQ9mzP352z8+P186J2INYAhNY=
-24,-4,Pv2FFyfjW7DUg1aaP3qD7sfNgTc=,wkvRv86oz+PRXriWNXCLniZQ+CI=
-25,-5,Pv2FFyfjW7DUg1aaP3qD7sfNgTc=,5QTQ9mzP352z8+P186J2INYAhNY=
-24,-5,Pv2FFyfjW7DUg1aaP3qD7sfNgTc=,YwrvARLzX+WAOTYBxJ+rrgl3iyM=
-25,-4,Pv2FFyfjW7DUg1aaP3qD7sfNgTc=,5QTQ9mzP352z8+P186J2INYAhNY=
-24,-7,Pv2FFyfjW7DUg1aaP3qD7sfNgTc=,aFB6w1QeiUlV8k6cb/8h9t/HekI=
-25,-6,Pv2FFyfjW7DUg1aaP3qD7sfNgTc=,5QTQ9mzP352z8+P186J2INYAhNY=
-24,-6,Pv2FFyfjW7DUg1aaP3qD7sfNgTc=,YwrvARLzX+WAOTYBxJ+rrgl3iyM=
-25,-7,CRosPFgIHjDwVAaKQWg/GAA4twk=,5nI1Z+3DBxhcjqSyhq3hjuH9hYE=
-24,-8,CRosPFgIHjDwVAaKQWg/GAA4twk=,aFB6w1QeiUlV8k6cb/8h9t/HekI=
-24,-9,CRosPFgIHjDwVAaKQWg/GAA4twk=,hJFN/M729xWf8i3q7H8PHzGsTG4=
-25,-8,CRosPFgIHjDwVAaKQWg/GAA4twk=,5nI1Z+3DBxhcjqSyhq3hjuH9hYE=
-25,-9,CRosPFgIHjDwVAaKQWg/GAA4twk=,5nI1Z+3DBxhcjqSyhq3hjuH9hYE=
-29,-11,CRosPFgIHjDwVAaKQWg/GAA4twk=,LulwNTvfXxvrCI5/o0XV6tAa/IY=
-25,-10,CRosPFgIHjDwVAaKQWg/GAA4twk=,5nI1Z+3DBxhcjqSyhq3hjuH9hYE=
-29,-10,CRosPFgIHjDwVAaKQWg/GAA4twk=,Ew4s507O0ze8+93X7dpiseLk8q0=
-24,-11,CRosPFgIHjDwVAaKQWg/GAA4twk=,LJOHTwIB+p9d+Sn69RCZ72ITbJM=
-24,-10,CRosPFgIHjDwVAaKQWg/GAA4twk=,hJFN/M729xWf8i3q7H8PHzGsTG4=
-27,-10,CRosPFgIHjDwVAaKQWg/GAA4twk=,JtC0aob4syWwrfizVXO2guKBX8s=
-25,-11,CRosPFgIHjDwVAaKQWg/GAA4twk=,5nI1Z+3DBxhcjqSyhq3hjuH9hYE=
-26,-10,CRosPFgIHjDwVAaKQWg/GAA4twk=,5nI1Z+3DBxhcjqSyhq3hjuH9hYE=
-27,-11,CRosPFgIHjDwVAaKQWg/GAA4twk=,NbZg3X2KOVqE/MNbOhwz/QieJ8Q=
-28,-10,CRosPFgIHjDwVAaKQWg/GAA4twk=,JtC0aob4syWwrfizVXO2guKBX8s=
-29,-12,CRosPFgIHjDwVAaKQWg/GAA4twk=,LulwNTvfXxvrCI5/o0XV6tAa/IY=
-26,-11,CRosPFgIHjDwVAaKQWg/GAA4twk=,5nI1Z+3DBxhcjqSyhq3hjuH9hYE=
-29,-13,CRosPFgIHjDwVAaKQWg/GAA4twk=,LulwNTvfXxvrCI5/o0XV6tAa/IY=
-28,-11,xhXNcHsC6mrlONX86RyXerhl9V8=,NbZg3X2KOVqE/MNbOhwz/QieJ8Q=
-29,-15,xhXNcHsC6mrlONX86RyXerhl9V8=,z0xHrPPIzYEDPRQmJKnqpWi4Z3o=
-29,-14,xhXNcHsC6mrlONX86RyXerhl9V8=,LulwNTvfXxvrCI5/o0XV6tAa/IY=
-28,-13,xhXNcHsC6mrlONX86RyXerhl9V8=,NbZg3X2KOVqE/MNbOhwz/QieJ8Q=
-31,-14,xhXNcHsC6mrlONX86RyXerhl9V8=,90s7QcEqNCnUrJQRnRz8P9b8muI=
-30,-15,xhXNcHsC6mrlONX86RyXerhl9V8=,z0xHrPPIzYEDPRQmJKnqpWi4Z3o=
-31,-15,xhXNcHsC6mrlONX86RyXerhl9V8=,90s7QcEqNCnUrJQRnRz8P9b8muI=
-28,-12,xhXNcHsC6mrlONX86RyXerhl9V8=,NbZg3X2KOVqE/MNbOhwz/QieJ8Q=
-30,-12,xhXNcHsC6mrlONX86RyXerhl9V8=,LulwNTvfXxvrCI5/o0XV6tAa/IY=
-30,-14,xhXNcHsC6mrlONX86RyXerhl9V8=,LulwNTvfXxvrCI5/o0XV6tAa/IY=
-28,-14,xhXNcHsC6mrlONX86RyXerhl9V8=,NbZg3X2KOVqE/MNbOhwz/QieJ8Q=
-28,-15,xhXNcHsC6mrlONX86RyXerhl9V8=,AT5Rcmwy4cXK7pVY7R33XYkw9+w=
-30,-13,xhXNcHsC6mrlONX86RyXerhl9V8=,LulwNTvfXxvrCI5/o0XV6tAa/IY=
-31,-12,xhXNcHsC6mrlONX86RyXerhl9V8=,hHoS4Edaa+QT9UlkAOwiRk+KO4g=
-31,-13,xhXNcHsC6mrlONX86RyXerhl9V8=,90s7QcEqNCnUrJQRnRz8P9b8muI=
-26,-15,xhXNcHsC6mrlONX86RyXerhl9V8=,PFTLgNRjMRDXBF31RjiffNLrec4=
-27,-15,xhXNcHsC6mrlONX86RyXerhl9V8=,AT5Rcmwy4cXK7pVY7R33XYkw9+w=
-27,-14,xhXNcHsC6mrlONX86RyXerhl9V8=,NbZg3X2KOVqE/MNbOhwz/QieJ8Q=
-24,-13,xhXNcHsC6mrlONX86RyXerhl9V8=,LJOHTwIB+p9d+Sn69RCZ72ITbJM=
-26,-14,xhXNcHsC6mrlONX86RyXerhl9V8=,PFTLgNRjMRDXBF31RjiffNLrec4=
-24,-14,xhXNcHsC6mrlONX86RyXerhl9V8=,LJOHTwIB+p9d+Sn69RCZ72ITbJM=
-24,-15,VfWIghl+ZHAklK8luLNAnzMSMW8=,4ZY78sFjEGqfnTfjr89OmjFFI0o=
-26,-12,VfWIghl+ZHAklK8luLNAnzMSMW8=,5nI1Z+3DBxhcjqSyhq3hjuH9hYE=
-27,-13,VfWIghl+ZHAklK8luLNAnzMSMW8=,NbZg3X2KOVqE/MNbOhwz/QieJ8Q=
-22,-15,VfWIghl+ZHAklK8luLNAnzMSMW8=,UI30szVzXNwJHCQXq5IibD7mmGM=
-23,-15,VfWIghl+ZHAklK8luLNAnzMSMW8=,4ZY78sFjEGqfnTfjr89OmjFFI0o=
-27,-12,VfWIghl+ZHAklK8luLNAnzMSMW8=,NbZg3X2KOVqE/MNbOhwz/QieJ8Q=
-22,-14,VfWIghl+ZHAklK8luLNAnzMSMW8=,ftrE1gSX+53fvPC8N3na43DFqHw=
-23,-14,VfWIghl+ZHAklK8luLNAnzMSMW8=,LJOHTwIB+p9d+Sn69RCZ72ITbJM=
-25,-13,VfWIghl+ZHAklK8luLNAnzMSMW8=,PFTLgNRjMRDXBF31RjiffNLrec4=
-24,-12,VfWIghl+ZHAklK8luLNAnzMSMW8=,LJOHTwIB+p9d+Sn69RCZ72ITbJM=
-25,-15,VfWIghl+ZHAklK8luLNAnzMSMW8=,PFTLgNRjMRDXBF31RjiffNLrec4=
-25,-14,VfWIghl+ZHAklK8luLNAnzMSMW8=,PFTLgNRjMRDXBF31RjiffNLrec4=
-25,-12,VfWIghl+ZHAklK8luLNAnzMSMW8=,5nI1Z+3DBxhcjqSyhq3hjuH9hYE=
-26,-13,VfWIghl+ZHAklK8luLNAnzMSMW8=,PFTLgNRjMRDXBF31RjiffNLrec4=
-21,-14,VfWIghl+ZHAklK8luLNAnzMSMW8=,ftrE1gSX+53fvPC8N3na43DFqHw=
-21,-15,VfWIghl+ZHAklK8luLNAnzMSMW8=,UI30szVzXNwJHCQXq5IibD7mmGM=
-22,-12,VfWIghl+ZHAklK8luLNAnzMSMW8=,Zj+QODoT/ji3EXvb3mz7s/aLSIs=
-20,-15,VfWIghl+ZHAklK8luLNAnzMSMW8=,ctGgfEwrBx+cIxwHwir1SBYM30Q=
-20,-14,VfWIghl+ZHAklK8luLNAnzMSMW8=,fb2rpc9YJoU41LewK/NYLJv2goA=
-22,-13,VfWIghl+ZHAklK8luLNAnzMSMW8=,ftrE1gSX+53fvPC8N3na43DFqHw=
-21,-12,VfWIghl+ZHAklK8luLNAnzMSMW8=,Zj+QODoT/ji3EXvb3mz7s/aLSIs=
-23,-13,VfWIghl+ZHAklK8luLNAnzMSMW8=,LJOHTwIB+p9d+Sn69RCZ72ITbJM=
-21,-13,VfWIghl+ZHAklK8luLNAnzMSMW8=,ftrE1gSX+53fvPC8N3na43DFqHw=
-22,-11,VfWIghl+ZHAklK8luLNAnzMSMW8=,Zj+QODoT/ji3EXvb3mz7s/aLSIs=
-22,-10,VfWIghl+ZHAklK8luLNAnzMSMW8=,qasw+ZPwT7BsHxVhhxfr06zVI8U=
-21,-10,VfWIghl+ZHAklK8luLNAnzMSMW8=,qasw+ZPwT7BsHxVhhxfr06zVI8U=
-21,-11,VfWIghl+ZHAklK8luLNAnzMSMW8=,Zj+QODoT/ji3EXvb3mz7s/aLSIs=
-23,-12,VfWIghl+ZHAklK8luLNAnzMSMW8=,LJOHTwIB+p9d+Sn69RCZ72ITbJM=
-20,-12,VfWIghl+ZHAklK8luLNAnzMSMW8=,MY78jaSUXg9KszVCqu5gFS04mRk=
-23,-8,VfWIghl+ZHAklK8luLNAnzMSMW8=,aFB6w1QeiUlV8k6cb/8h9t/HekI=
-22,-8,VfWIghl+ZHAklK8luLNAnzMSMW8=,W+blRd0/eN2XtKa0h7HrMrJ3RmA=
-23,-9,VfWIghl+ZHAklK8luLNAnzMSMW8=,hJFN/M729xWf8i3q7H8PHzGsTG4=
-21,-8,VfWIghl+ZHAklK8luLNAnzMSMW8=,W+blRd0/eN2XtKa0h7HrMrJ3RmA=
-22,-9,VfWIghl+ZHAklK8luLNAnzMSMW8=,qasw+ZPwT7BsHxVhhxfr06zVI8U=
-20,-8,VfWIghl+ZHAklK8luLNAnzMSMW8=,OQpOx77QDsxcXKFm6WCwO6kZJ+k=
-21,-9,VfWIghl+ZHAklK8luLNAnzMSMW8=,qasw+ZPwT7BsHxVhhxfr06zVI8U=
-20,-11,VfWIghl+ZHAklK8luLNAnzMSMW8=,MY78jaSUXg9KszVCqu5gFS04mRk=
-20,-13,hIVV8I2fyvzrdJ6gqTJ6Zy7KyvQ=,fb2rpc9YJoU41LewK/NYLJv2goA=
-22,-6,hIVV8I2fyvzrdJ6gqTJ6Zy7KyvQ=,OdJB1XIAR/THX7l0j1+GYzVDGuU=
-23,-7,hIVV8I2fyvzrdJ6gqTJ6Zy7KyvQ=,aFB6w1QeiUlV8k6cb/8h9t/HekI=
-22,-7,hIVV8I2fyvzrdJ6gqTJ6Zy7KyvQ=,W+blRd0/eN2XtKa0h7HrMrJ3RmA=
-21,-7,hIVV8I2fyvzrdJ6gqTJ6Zy7KyvQ=,W+blRd0/eN2XtKa0h7HrMrJ3RmA=
-20,-7,hIVV8I2fyvzrdJ6gqTJ6Zy7KyvQ=,OQpOx77QDsxcXKFm6WCwO6kZJ+k=
-23,-6,hIVV8I2fyvzrdJ6gqTJ6Zy7KyvQ=,YwrvARLzX+WAOTYBxJ+rrgl3iyM=
-20,-10,hIVV8I2fyvzrdJ6gqTJ6Zy7KyvQ=,Sdg7I4aLexiwbK2FO3xBXFSzDhw=
-23,-10,hIVV8I2fyvzrdJ6gqTJ6Zy7KyvQ=,hJFN/M729xWf8i3q7H8PHzGsTG4=
-20,-9,hIVV8I2fyvzrdJ6gqTJ6Zy7KyvQ=,Sdg7I4aLexiwbK2FO3xBXFSzDhw=
-23,-11,hIVV8I2fyvzrdJ6gqTJ6Zy7KyvQ=,LJOHTwIB+p9d+Sn69RCZ72ITbJM=
-21,-6,hIVV8I2fyvzrdJ6gqTJ6Zy7KyvQ=,OdJB1XIAR/THX7l0j1+GYzVDGuU=
-20,-6,hIVV8I2fyvzrdJ6gqTJ6Zy7KyvQ=,RjW7K5W76EITvJv1//uTv2IkRu4=
-22,-5,hIVV8I2fyvzrdJ6gqTJ6Zy7KyvQ=,OdJB1XIAR/THX7l0j1+GYzVDGuU=
-22,-4,hIVV8I2fyvzrdJ6gqTJ6Zy7KyvQ=,7TjfluLhdVd4P73/6u8tUPSZeFw=
-23,-5,hIVV8I2fyvzrdJ6gqTJ6Zy7KyvQ=,YwrvARLzX+WAOTYBxJ+rrgl3iyM=
-21,-5,hIVV8I2fyvzrdJ6gqTJ6Zy7KyvQ=,OdJB1XIAR/THX7l0j1+GYzVDGuU=
-20,-4,hIVV8I2fyvzrdJ6gqTJ6Zy7KyvQ=,Vox3CVK7gc2PpB3NI2lQtjFQQ4c=
-20,-5,hIVV8I2fyvzrdJ6gqTJ6Zy7KyvQ=,RjW7K5W76EITvJv1//uTv2IkRu4=
-21,-4,hIVV8I2fyvzrdJ6gqTJ6Zy7KyvQ=,7TjfluLhdVd4P73/6u8tUPSZeFw=
-23,-4,hIVV8I2fyvzrdJ6gqTJ6Zy7KyvQ=,wkvRv86oz+PRXriWNXCLniZQ+CI=
-20,-3,hIVV8I2fyvzrdJ6gqTJ6Zy7KyvQ=,Vox3CVK7gc2PpB3NI2lQtjFQQ4c=
-19,-3,hIVV8I2fyvzrdJ6gqTJ6Zy7KyvQ=,Vox3CVK7gc2PpB3NI2lQtjFQQ4c=
-18,-2,hIVV8I2fyvzrdJ6gqTJ6Zy7KyvQ=,FOXberOEq4aQvqwOTbLlJ+VG2vI=
-18,-3,hIVV8I2fyvzrdJ6gqTJ6Zy7KyvQ=,l8XAkVFtD6mJ1Xc0LSGudGjmLXE=
-18,-7,hIVV8I2fyvzrdJ6gqTJ6Zy7KyvQ=,yAUfFWMRpCmICsjKpNdJTasAOcI=
-19,-5,hIVV8I2fyvzrdJ6gqTJ6Zy7KyvQ=,RjW7K5W76EITvJv1//uTv2IkRu4=
-19,-4,hIVV8I2fyvzrdJ6gqTJ6Zy7KyvQ=,Vox3CVK7gc2PpB3NI2lQtjFQQ4c=
-19,-7,hIVV8I2fyvzrdJ6gqTJ6Zy7KyvQ=,OQpOx77QDsxcXKFm6WCwO6kZJ+k=
-18,-4,hIVV8I2fyvzrdJ6gqTJ6Zy7KyvQ=,l8XAkVFtD6mJ1Xc0LSGudGjmLXE=
-21,-2,hIVV8I2fyvzrdJ6gqTJ6Zy7KyvQ=,hPImdXLiJNV+rg5SyZhvUfZPN1w=
-19,-6,hIVV8I2fyvzrdJ6gqTJ6Zy7KyvQ=,RjW7K5W76EITvJv1//uTv2IkRu4=
-20,-2,hIVV8I2fyvzrdJ6gqTJ6Zy7KyvQ=,wGJHXv10Nkj1EF0E+nC3qjeH3kM=
-21,-3,hIVV8I2fyvzrdJ6gqTJ6Zy7KyvQ=,7TjfluLhdVd4P73/6u8tUPSZeFw=
-19,-8,hIVV8I2fyvzrdJ6gqTJ6Zy7KyvQ=,OQpOx77QDsxcXKFm6WCwO6kZJ+k=
-18,-8,hIVV8I2fyvzrdJ6gqTJ6Zy7KyvQ=,yAUfFWMRpCmICsjKpNdJTasAOcI=
-18,-5,pcw004GcVaXKaLkbBxA5iTnE8WE=,z3kIn7hTadKauJJ4G71BxAxq5Rg=
-18,-11,pcw004GcVaXKaLkbBxA5iTnE8WE=,qeVok0Pr8t1ONwdGusI0+1qSa1M=
-19,-2,pcw004GcVaXKaLkbBxA5iTnE8WE=,wGJHXv10Nkj1EF0E+nC3qjeH3kM=
-19,-9,pcw004GcVaXKaLkbBxA5iTnE8WE=,Sdg7I4aLexiwbK2FO3xBXFSzDhw=
-19,-11,pcw004GcVaXKaLkbBxA5iTnE8WE=,MY78jaSUXg9KszVCqu5gFS04mRk=
-19,-10,pcw004GcVaXKaLkbBxA5iTnE8WE=,Sdg7I4aLexiwbK2FO3xBXFSzDhw=
-18,-6,pcw004GcVaXKaLkbBxA5iTnE8WE=,z3kIn7hTadKauJJ4G71BxAxq5Rg=
-18,-10,pcw004GcVaXKaLkbBxA5iTnE8WE=,yAUfFWMRpCmICsjKpNdJTasAOcI=
-18,-9,pcw004GcVaXKaLkbBxA5iTnE8WE=,yAUfFWMRpCmICsjKpNdJTasAOcI=
-19,-14,pcw004GcVaXKaLkbBxA5iTnE8WE=,fb2rpc9YJoU41LewK/NYLJv2goA=
-18,-12,pcw004GcVaXKaLkbBxA5iTnE8WE=,qeVok0Pr8t1ONwdGusI0+1qSa1M=
-18,-14,pcw004GcVaXKaLkbBxA5iTnE8WE=,qeVok0Pr8t1ONwdGusI0+1qSa1M=
-19,-15,pcw004GcVaXKaLkbBxA5iTnE8WE=,ctGgfEwrBx+cIxwHwir1SBYM30Q=
-18,-15,pcw004GcVaXKaLkbBxA5iTnE8WE=,LY+dMgr/P6V+bHRCSxnjphL2JjU=
-18,-13,pcw004GcVaXKaLkbBxA5iTnE8WE=,qeVok0Pr8t1ONwdGusI0+1qSa1M=
-17,-14,pcw004GcVaXKaLkbBxA5iTnE8WE=,qeVok0Pr8t1ONwdGusI0+1qSa1M=
-19,-12,pcw004GcVaXKaLkbBxA5iTnE8WE=,MY78jaSUXg9KszVCqu5gFS04mRk=
-18,-16,pcw004GcVaXKaLkbBxA5iTnE8WE=,LY+dMgr/P6V+bHRCSxnjphL2JjU=
-19,-16,pcw004GcVaXKaLkbBxA5iTnE8WE=,ctGgfEwrBx+cIxwHwir1SBYM30Q=
-21,-16,pcw004GcVaXKaLkbBxA5iTnE8WE=,UI30szVzXNwJHCQXq5IibD7mmGM=
-17,-15,pcw004GcVaXKaLkbBxA5iTnE8WE=,LY+dMgr/P6V+bHRCSxnjphL2JjU=
-22,-16,pcw004GcVaXKaLkbBxA5iTnE8WE=,UI30szVzXNwJHCQXq5IibD7mmGM=
-25,-16,pcw004GcVaXKaLkbBxA5iTnE8WE=,PFTLgNRjMRDXBF31RjiffNLrec4=
-23,-16,pcw004GcVaXKaLkbBxA5iTnE8WE=,4ZY78sFjEGqfnTfjr89OmjFFI0o=
-19,-13,pcw004GcVaXKaLkbBxA5iTnE8WE=,fb2rpc9YJoU41LewK/NYLJv2goA=
-27,-16,pcw004GcVaXKaLkbBxA5iTnE8WE=,AT5Rcmwy4cXK7pVY7R33XYkw9+w=
-26,-16,pcw004GcVaXKaLkbBxA5iTnE8WE=,PFTLgNRjMRDXBF31RjiffNLrec4=
-20,-16,pcw004GcVaXKaLkbBxA5iTnE8WE=,ctGgfEwrBx+cIxwHwir1SBYM30Q=
-17,-12,pcw004GcVaXKaLkbBxA5iTnE8WE=,qeVok0Pr8t1ONwdGusI0+1qSa1M=
-24,-16,pcw004GcVaXKaLkbBxA5iTnE8WE=,4ZY78sFjEGqfnTfjr89OmjFFI0o=
-17,-13,pcw004GcVaXKaLkbBxA5iTnE8WE=,qeVok0Pr8t1ONwdGusI0+1qSa1M=
-28,-16,pcw004GcVaXKaLkbBxA5iTnE8WE=,AT5Rcmwy4cXK7pVY7R33XYkw9+w=
-29,-16,pcw004GcVaXKaLkbBxA5iTnE8WE=,z0xHrPPIzYEDPRQmJKnqpWi4Z3o=
-30,-16,pcw004GcVaXKaLkbBxA5iTnE8WE=,z0xHrPPIzYEDPRQmJKnqpWi4Z3o=
-31,-16,pcw004GcVaXKaLkbBxA5iTnE8WE=,90s7QcEqNCnUrJQRnRz8P9b8muI=
-32,-12,pcw004GcVaXKaLkbBxA5iTnE8WE=,hHoS4Edaa+QT9UlkAOwiRk+KO4g=
-32,-13,pcw004GcVaXKaLkbBxA5iTnE8WE=,90s7QcEqNCnUrJQRnRz8P9b8muI=
-32,-14,pcw004GcVaXKaLkbBxA5iTnE8WE=,90s7QcEqNCnUrJQRnRz8P9b8muI=
-32,-15,pcw004GcVaXKaLkbBxA5iTnE8WE=,90s7QcEqNCnUrJQRnRz8P9b8muI=
-31,-11,pcw004GcVaXKaLkbBxA5iTnE8WE=,hHoS4Edaa+QT9UlkAOwiRk+KO4g=
-30,-11,pcw004GcVaXKaLkbBxA5iTnE8WE=,LulwNTvfXxvrCI5/o0XV6tAa/IY=
-31,-10,pcw004GcVaXKaLkbBxA5iTnE8WE=,hHoS4Edaa+QT9UlkAOwiRk+KO4g=
-30,-10,0yuzARwjV5n3i84eoCc2ommPAVQ=,Ew4s507O0ze8+93X7dpiseLk8q0=
-30,-8,0yuzARwjV5n3i84eoCc2ommPAVQ=,Ew4s507O0ze8+93X7dpiseLk8q0=
-31,-8,0yuzARwjV5n3i84eoCc2ommPAVQ=,RhdWSDpoBeoC1syu3W7ngG9/fmE=
-31,-9,0yuzARwjV5n3i84eoCc2ommPAVQ=,hHoS4Edaa+QT9UlkAOwiRk+KO4g=
-26,-6,0yuzARwjV5n3i84eoCc2ommPAVQ=,5QTQ9mzP352z8+P186J2INYAhNY=
-27,-6,0yuzARwjV5n3i84eoCc2ommPAVQ=,izdlrdkVnTJ6b6GJ6H0sUQETl1o=
-30,-9,0yuzARwjV5n3i84eoCc2ommPAVQ=,Ew4s507O0ze8+93X7dpiseLk8q0=
-29,-9,0yuzARwjV5n3i84eoCc2ommPAVQ=,Ew4s507O0ze8+93X7dpiseLk8q0=
-27,-9,0yuzARwjV5n3i84eoCc2ommPAVQ=,JtC0aob4syWwrfizVXO2guKBX8s=
-29,-8,0yuzARwjV5n3i84eoCc2ommPAVQ=,Ew4s507O0ze8+93X7dpiseLk8q0=
-27,-8,0yuzARwjV5n3i84eoCc2ommPAVQ=,K0bkVWdHY9bNnbKgBxM6dTpIFWE=
-26,-7,0yuzARwjV5n3i84eoCc2ommPAVQ=,5nI1Z+3DBxhcjqSyhq3hjuH9hYE=
-27,-7,0yuzARwjV5n3i84eoCc2ommPAVQ=,K0bkVWdHY9bNnbKgBxM6dTpIFWE=
-26,-8,0yuzARwjV5n3i84eoCc2ommPAVQ=,5nI1Z+3DBxhcjqSyhq3hjuH9hYE=
-28,-9,0yuzARwjV5n3i84eoCc2ommPAVQ=,JtC0aob4syWwrfizVXO2guKBX8s=
-26,-9,0yuzARwjV5n3i84eoCc2ommPAVQ=,5nI1Z+3DBxhcjqSyhq3hjuH9hYE=
-28,-8,0yuzARwjV5n3i84eoCc2ommPAVQ=,K0bkVWdHY9bNnbKgBxM6dTpIFWE=
-29,-7,0yuzARwjV5n3i84eoCc2ommPAVQ=,Ew4s507O0ze8+93X7dpiseLk8q0=
-31,-7,0yuzARwjV5n3i84eoCc2ommPAVQ=,RhdWSDpoBeoC1syu3W7ngG9/fmE=
-32,-7,0yuzARwjV5n3i84eoCc2ommPAVQ=,RhdWSDpoBeoC1syu3W7ngG9/fmE=
-30,-7,0yuzARwjV5n3i84eoCc2ommPAVQ=,Ew4s507O0ze8+93X7dpiseLk8q0=
-32,-11,0yuzARwjV5n3i84eoCc2ommPAVQ=,hHoS4Edaa+QT9UlkAOwiRk+KO4g=
-32,-8,0yuzARwjV5n3i84eoCc2ommPAVQ=,RhdWSDpoBeoC1syu3W7ngG9/fmE=
-32,-10,0yuzARwjV5n3i84eoCc2ommPAVQ=,hHoS4Edaa+QT9UlkAOwiRk+KO4g=
-32,-9,0yuzARwjV5n3i84eoCc2ommPAVQ=,hHoS4Edaa+QT9UlkAOwiRk+KO4g=
-28,-7,0yuzARwjV5n3i84eoCc2ommPAVQ=,K0bkVWdHY9bNnbKgBxM6dTpIFWE=
-18,-1,0yuzARwjV5n3i84eoCc2ommPAVQ=,FOXberOEq4aQvqwOTbLlJ+VG2vI=
-30,-6,0yuzARwjV5n3i84eoCc2ommPAVQ=,Ew4s507O0ze8+93X7dpiseLk8q0=
-28,-5,0yuzARwjV5n3i84eoCc2ommPAVQ=,izdlrdkVnTJ6b6GJ6H0sUQETl1o=
-31,-6,0yuzARwjV5n3i84eoCc2ommPAVQ=,RhdWSDpoBeoC1syu3W7ngG9/fmE=
-32,-6,0yuzARwjV5n3i84eoCc2ommPAVQ=,RhdWSDpoBeoC1syu3W7ngG9/fmE=
-29,-4,0yuzARwjV5n3i84eoCc2ommPAVQ=,VUp2BxoAS50DM1Tl8HHUkBpJrbM=
-32,-16,0yuzARwjV5n3i84eoCc2ommPAVQ=,90s7QcEqNCnUrJQRnRz8P9b8muI=
-28,-4,0yuzARwjV5n3i84eoCc2ommPAVQ=,izdlrdkVnTJ6b6GJ6H0sUQETl1o=
-31,-4,0yuzARwjV5n3i84eoCc2ommPAVQ=,lTtceQnARrLk1Wz9xdbTFc/EQz4=
-28,-6,0yuzARwjV5n3i84eoCc2ommPAVQ=,izdlrdkVnTJ6b6GJ6H0sUQETl1o=
-32,-4,0yuzARwjV5n3i84eoCc2ommPAVQ=,lTtceQnARrLk1Wz9xdbTFc/EQz4=
-30,-4,0yuzARwjV5n3i84eoCc2ommPAVQ=,VUp2BxoAS50DM1Tl8HHUkBpJrbM=
-29,-5,vksP7R+aa7rpkj9pFYCvmfGNN9A=,Ew4s507O0ze8+93X7dpiseLk8q0=
-30,-5,vksP7R+aa7rpkj9pFYCvmfGNN9A=,Ew4s507O0ze8+93X7dpiseLk8q0=
-32,-3,vksP7R+aa7rpkj9pFYCvmfGNN9A=,lTtceQnARrLk1Wz9xdbTFc/EQz4=
-31,-5,vksP7R+aa7rpkj9pFYCvmfGNN9A=,RhdWSDpoBeoC1syu3W7ngG9/fmE=
-29,-6,vksP7R+aa7rpkj9pFYCvmfGNN9A=,Ew4s507O0ze8+93X7dpiseLk8q0=
-32,-5,vksP7R+aa7rpkj9pFYCvmfGNN9A=,RhdWSDpoBeoC1syu3W7ngG9/fmE=
-32,-2,vksP7R+aa7rpkj9pFYCvmfGNN9A=,lTtceQnARrLk1Wz9xdbTFc/EQz4=
-32,-1,vksP7R+aa7rpkj9pFYCvmfGNN9A=,lTtceQnARrLk1Wz9xdbTFc/EQz4=
-19,-1,vksP7R+aa7rpkj9pFYCvmfGNN9A=,wGJHXv10Nkj1EF0E+nC3qjeH3kM=
-21,-1,vksP7R+aa7rpkj9pFYCvmfGNN9A=,hPImdXLiJNV+rg5SyZhvUfZPN1w=
-20,-1,vksP7R+aa7rpkj9pFYCvmfGNN9A=,wGJHXv10Nkj1EF0E+nC3qjeH3kM=
-27,-1,vksP7R+aa7rpkj9pFYCvmfGNN9A=,yZO5yOq0QKNzpdqqCMulfxgi3SQ=
-26,-1,vksP7R+aa7rpkj9pFYCvmfGNN9A=,Y6f+a4vaujeSS0BAOrct3ntgn2Q=
-25,-3,vksP7R+aa7rpkj9pFYCvmfGNN9A=,5QTQ9mzP352z8+P186J2INYAhNY=
-25,-2,vksP7R+aa7rpkj9pFYCvmfGNN9A=,Y6f+a4vaujeSS0BAOrct3ntgn2Q=
-24,-3,O8K4uqLOc/lRsIgz4Ry86Vh3oT4=,wkvRv86oz+PRXriWNXCLniZQ+CI=
-17,-8,O8K4uqLOc/lRsIgz4Ry86Vh3oT4=,yAUfFWMRpCmICsjKpNdJTasAOcI=
-17,-1,O8K4uqLOc/lRsIgz4Ry86Vh3oT4=,FOXberOEq4aQvqwOTbLlJ+VG2vI=
-25,-1,O8K4uqLOc/lRsIgz4Ry86Vh3oT4=,Y6f+a4vaujeSS0BAOrct3ntgn2Q=
-24,-2,O8K4uqLOc/lRsIgz4Ry86Vh3oT4=,eimJyHOP6sJ7V8bcsN5SJys+WPo=
-17,-4,O8K4uqLOc/lRsIgz4Ry86Vh3oT4=,l8XAkVFtD6mJ1Xc0LSGudGjmLXE=
-28,-1,O8K4uqLOc/lRsIgz4Ry86Vh3oT4=,yZO5yOq0QKNzpdqqCMulfxgi3SQ=
-17,-7,O8K4uqLOc/lRsIgz4Ry86Vh3oT4=,yAUfFWMRpCmICsjKpNdJTasAOcI=
-23,-2,O8K4uqLOc/lRsIgz4Ry86Vh3oT4=,eimJyHOP6sJ7V8bcsN5SJys+WPo=
-29,-1,O8K4uqLOc/lRsIgz4Ry86Vh3oT4=,VUp2BxoAS50DM1Tl8HHUkBpJrbM=
-23,-3,O8K4uqLOc/lRsIgz4Ry86Vh3oT4=,wkvRv86oz+PRXriWNXCLniZQ+CI=
-17,-2,O8K4uqLOc/lRsIgz4Ry86Vh3oT4=,FOXberOEq4aQvqwOTbLlJ+VG2vI=
-17,-9,O8K4uqLOc/lRsIgz4Ry86Vh3oT4=,yAUfFWMRpCmICsjKpNdJTasAOcI=
-17,-5,O8K4uqLOc/lRsIgz4Ry86Vh3oT4=,z3kIn7hTadKauJJ4G71BxAxq5Rg=
-17,-3,O8K4uqLOc/lRsIgz4Ry86Vh3oT4=,l8XAkVFtD6mJ1Xc0LSGudGjmLXE=
-17,-16,O8K4uqLOc/lRsIgz4Ry86Vh3oT4=,LY+dMgr/P6V+bHRCSxnjphL2JjU=
-17,-11,O8K4uqLOc/lRsIgz4Ry86Vh3oT4=,qeVok0Pr8t1ONwdGusI0+1qSa1M=
-24,-1,O8K4uqLOc/lRsIgz4Ry86Vh3oT4=,eimJyHOP6sJ7V8bcsN5SJys+WPo=
-30,-1,O8K4uqLOc/lRsIgz4Ry86Vh3oT4=,VUp2BxoAS50DM1Tl8HHUkBpJrbM=
-22,-2,O8K4uqLOc/lRsIgz4Ry86Vh3oT4=,hPImdXLiJNV+rg5SyZhvUfZPN1w=
-17,-6,O8K4uqLOc/lRsIgz4Ry86Vh3oT4=,z3kIn7hTadKauJJ4G71BxAxq5Rg=
-23,-1,O8K4uqLOc/lRsIgz4Ry86Vh3oT4=,eimJyHOP6sJ7V8bcsN5SJys+WPo=
-31,-1,O8K4uqLOc/lRsIgz4Ry86Vh3oT4=,lTtceQnARrLk1Wz9xdbTFc/EQz4=
-17,-10,O8K4uqLOc/lRsIgz4Ry86Vh3oT4=,yAUfFWMRpCmICsjKpNdJTasAOcI=
-22,-3,O8K4uqLOc/lRsIgz4Ry86Vh3oT4=,7TjfluLhdVd4P73/6u8tUPSZeFw=
-22,-1,O8K4uqLOc/lRsIgz4Ry86Vh3oT4=,hPImdXLiJNV+rg5SyZhvUfZPN1w=
