18,-2,eGDOlnT3k7hmgc45iPKqJXKbpcw=,HegJyFLt3OZnTTHFoJiq+0imh9g=
18,-3,eGDOlnT3k7hmgc45iPKqJXKbpcw=,zJntdIDaUjm5U2jGzw+DYNxXpVw=
17,-2,eGDOlnT3k7hmgc45iPKqJXKbpcw=,VWpsfQAzYZFiJt2TmI6LlqkZnlA=
18,-5,eGDOlnT3k7hmgc45iPKqJXKbpcw=,1lT0uVAhbj8Avshf1bx2rjErwMQ=
17,-3,eGDOlnT3k7hmgc45iPKqJXKbpcw=,upOW1yNAkDKz4EwDFtNV7o+80Mc=
17,-5,eGDOlnT3k7hmgc45iPKqJXKbpcw=,VcXfRKDZqWQYII1bfdOzAZ02CJM=
17,-4,eGDOlnT3k7hmgc45iPKqJXKbpcw=,upOW1yNAkDKz4EwDFtNV7o+80Mc=
19,-5,eGDOlnT3k7hmgc45iPKqJXKbpcw=,1lT0uVAhbj8Avshf1bx2rjErwMQ=
20,-5,eGDOlnT3k7hmgc45iPKqJXKbpcw=,1lT0uVAhbj8Avshf1bx2rjErwMQ=
18,-4,eGDOlnT3k7hmgc45iPKqJXKbpcw=,zJntdIDaUjm5U2jGzw+DYNxXpVw=
19,-4,eGDOlnT3k7hmgc45iPKqJXKbpcw=,zJntdIDaUjm5U2jGzw+DYNxXpVw=
20,-4,eGDOlnT3k7hmgc45iPKqJXKbpcw=,csBz2SA0KKId2xbm4WO94NpZZUU=
21,-5,Cil3UwuMLfcf1ZMjMInObT1/M0c=,1lT0uVAhbj8Avshf1bx2rjErwMQ=
22,-5,Cil3UwuMLfcf1ZMjMInObT1/M0c=,gaJ97ZEc7SP/R0TCLbh1+Ix/9Mc=
21,-4,Cil3UwuMLfcf1ZMjMInObT1/M0c=,csBz2SA0KKId2xbm4WO94NpZZUU=
22,-4,Cil3UwuMLfcf1ZMjMInObT1/M0c=,FwVluw8h+kxbTAbTXSSAyoFjzfs=
24,-5,Cil3UwuMLfcf1ZMjMInObT1/M0c=,BdjWmKwk/qqBujXYHbJzhekZef8=
23,-4,Cil3UwuMLfcf1ZMjMInObT1/M0c=,FwVluw8h+kxbTAbTXSSAyoFjzfs=
24,-4,Cil3UwuMLfcf1ZMjMInObT1/M0c=,Dq6FeH2B3nOKFhFM5q6rpNSr5Xw=
23,-5,Cil3UwuMLfcf1ZMjMInObT1/M0c=,gaJ97ZEc7SP/R0TCLbh1+Ix/9Mc=
24,-6,Cil3UwuMLfcf1ZMjMInObT1/M0c=,BdjWmKwk/qqBujXYHbJzhekZef8=
24,-7,Cil3UwuMLfcf1ZMjMInObT1/M0c=,gaJ97ZEc7SP/R0TCLbh1+Ix/9Mc=
23,-7,Cil3UwuMLfcf1ZMjMInObT1/M0c=,eAeZEYX4gClSlyeOepqSa1g+5Hs=
23,-6,Cil3UwuMLfcf1ZMjMInObT1/M0c=,gaJ97ZEc7SP/R0TCLbh1+Ix/9Mc=
26,-6,Cil3UwuMLfcf1ZMjMInObT1/M0c=,Ekt+KgNNLxVbHAGyxLxhzDpNel0=
26,-7,Cil3UwuMLfcf1ZMjMInObT1/M0c=,jLgYl+CnZocw3tgRwKsF/xhx5K4=
25,-7,Cil3UwuMLfcf1ZMjMInObT1/M0c=,gaJ97ZEc7SP/R0TCLbh1+Ix/9Mc=
25,-6,Cil3UwuMLfcf1ZMjMInObT1/M0c=,BdjWmKwk/qqBujXYHbJzhekZef8=
26,-5,Cil3UwuMLfcf1ZMjMInObT1/M0c=,Ekt+KgNNLxVbHAGyxLxhzDpNel0=
25,-4,Cil3UwuMLfcf1ZMjMInObT1/M0c=,Dq6FeH2B3nOKFhFM5q6rpNSr5Xw=
25,-5,Cil3UwuMLfcf1ZMjMInObT1/M0c=,BdjWmKwk/qqBujXYHbJzhekZef8=
26,-4,Cil3UwuMLfcf1ZMjMInObT1/M0c=,Ekt+KgNNLxVbHAGyxLxhzDpNel0=
27,-5,Ic5TkPvD5IrOwWYpn662zj70NKc=,Ekt+KgNNLxVbHAGyxLxhzDpNel0=
28,-4,Ic5TkPvD5IrOwWYpn662zj70NKc=,Yj8ATQKIk3Nb7V0qRYPxrUKECaw=
28,-5,Ic5TkPvD5IrOwWYpn662zj70NKc=,ghcDZJVDV9sdn6wwXJ2F9p7XqEI=
27,-4,Ic5TkPvD5IrOwWYpn662zj70NKc=,Ekt+KgNNLxVbHAGyxLxhzDpNel0=
27,-2,Ic5TkPvD5IrOwWYpn662zj70NKc=,jU8QiF66CNPZIXQBtEYJJWowHfM=
29,-4,Ic5TkPvD5IrOwWYpn662zj70NKc=,Yj8ATQKIk3Nb7V0qRYPxrUKECaw=
29,-5,Ic5TkPvD5IrOwWYpn662zj70NKc=,ghcDZJVDV9sdn6wwXJ2F9p7XqEI=
30,-5,Ic5TkPvD5IrOwWYpn662zj70NKc=,zL3IT/RLxcgw3jHPMUfWhxVKHt8=
28,-3,Ic5TkPvD5IrOwWYpn662zj70NKc=,Yj8ATQKIk3Nb7V0qRYPxrUKECaw=
30,-4,Ic5TkPvD5IrOwWYpn662zj70NKc=,wk6lT2caErIN55y6pxu3hriEmq0=
30,-3,Ic5TkPvD5IrOwWYpn662zj70NKc=,wk6lT2caErIN55y6pxu3hriEmq0=
27,-3,Ic5TkPvD5IrOwWYpn662zj70NKc=,Ekt+KgNNLxVbHAGyxLxhzDpNel0=
28,-2,Ic5TkPvD5IrOwWYpn662zj70NKc=,Zgb+bVlMCyRTIBpcZ41mnK3lkQs=
29,-3,Ic5TkPvD5IrOwWYpn662zj70NKc=,Yj8ATQKIk3Nb7V0qRYPxrUKECaw=
30,-2,Ic5TkPvD5IrOwWYpn662zj70NKc=,JQnjIwS6nZGmCOoSMH6N8hokPnM=
29,-2,Ic5TkPvD5IrOwWYpn662zj70NKc=,Zgb+bVlMCyRTIBpcZ41mnK3lkQs=
27,-7,Ic5TkPvD5IrOwWYpn662zj70NKc=,jLgYl+CnZocw3tgRwKsF/xhx5K4=
30,-6,Ic5TkPvD5IrOwWYpn662zj70NKc=,zL3IT/RLxcgw3jHPMUfWhxVKHt8=
27,-6,Ic5TkPvD5IrOwWYpn662zj70NKc=,Ekt+KgNNLxVbHAGyxLxhzDpNel0=
29,-7,Ic5TkPvD5IrOwWYpn662zj70NKc=,f1PGtImxGNbBEmc1MhSdfZCu6II=
28,-6,Ic5TkPvD5IrOwWYpn662zj70NKc=,ghcDZJVDV9sdn6wwXJ2F9p7XqEI=
29,-6,Ic5TkPvD5IrOwWYpn662zj70NKc=,ghcDZJVDV9sdn6wwXJ2F9p7XqEI=
30,-7,Ic5TkPvD5IrOwWYpn662zj70NKc=,vypUZ43sWEtwdyCOXU2De3d8CIE=
28,-7,Ic5TkPvD5IrOwWYpn662zj70NKc=,f1PGtImxGNbBEmc1MhSdfZCu6II=
29,-8,Ic5TkPvD5IrOwWYpn662zj70NKc=,f1PGtImxGNbBEmc1MhSdfZCu6II=
30,-9,Ic5TkPvD5IrOwWYpn662zj70NKc=,TQFSes+BteCfEIUVNxxzU6py344=
29,-9,Ic5TkPvD5IrOwWYpn662zj70NKc=,HDYGVYrZ9pWyO7xjJoamx4fAyj8=
30,-8,sbKiZO72sLuarLyRomw0z/pphEs=,vypUZ43sWEtwdyCOXU2De3d8CIE=
30,-11,sbKiZO72sLuarLyRomw0z/pphEs=,ddeWm2BMhk7sjcQTBj7Ll7y3BNs=
29,-11,sbKiZO72sLuarLyRomw0z/pphEs=,HDYGVYrZ9pWyO7xjJoamx4fAyj8=
29,-10,sbKiZO72sLuarLyRomw0z/pphEs=,HDYGVYrZ9pWyO7xjJoamx4fAyj8=
30,-10,sbKiZO72sLuarLyRomw0z/pphEs=,TQFSes+BteCfEIUVNxxzU6py344=
30,-12,sbKiZO72sLuarLyRomw0z/pphEs=,ddeWm2BMhk7sjcQTBj7Ll7y3BNs=
29,-13,sbKiZO72sLuarLyRomw0z/pphEs=,HDYGVYrZ9pWyO7xjJoamx4fAyj8=
30,-13,sbKiZO72sLuarLyRomw0z/pphEs=,O47I0ikNsa+FecXXH1j6ZD+LUCU=
29,-12,sbKiZO72sLuarLyRomw0z/pphEs=,HDYGVYrZ9pWyO7xjJoamx4fAyj8=
27,-8,sbKiZO72sLuarLyRomw0z/pphEs=,jLgYl+CnZocw3tgRwKsF/xhx5K4=
27,-10,sbKiZO72sLuarLyRomw0z/pphEs=,jLgYl+CnZocw3tgRwKsF/xhx5K4=
28,-10,sbKiZO72sLuarLyRomw0z/pphEs=,HDYGVYrZ9pWyO7xjJoamx4fAyj8=
28,-11,sbKiZO72sLuarLyRomw0z/pphEs=,HDYGVYrZ9pWyO7xjJoamx4fAyj8=
27,-9,sbKiZO72sLuarLyRomw0z/pphEs=,jLgYl+CnZocw3tgRwKsF/xhx5K4=
27,-12,sbKiZO72sLuarLyRomw0z/pphEs=,jLgYl+CnZocw3tgRwKsF/xhx5K4=
27,-11,sbKiZO72sLuarLyRomw0z/pphEs=,jLgYl+CnZocw3tgRwKsF/xhx5K4=
28,-12,sbKiZO72sLuarLyRomw0z/pphEs=,HDYGVYrZ9pWyO7xjJoamx4fAyj8=
28,-8,sbKiZO72sLuarLyRomw0z/pphEs=,f1PGtImxGNbBEmc1MhSdfZCu6II=
28,-9,sbKiZO72sLuarLyRomw0z/pphEs=,HDYGVYrZ9pWyO7xjJoamx4fAyj8=
28,-13,sbKiZO72sLuarLyRomw0z/pphEs=,HDYGVYrZ9pWyO7xjJoamx4fAyj8=
27,-13,aaG6Nd9TT+xoPobaZZvnH31a41E=,sp9GUPhyWo9TakRfoltqJ5VAXRM=
25,-13,aaG6Nd9TT+xoPobaZZvnH31a41E=,Bw1LB8dCDI3s7vl4sbSibtlo3ZA=
26,-13,aaG6Nd9TT+xoPobaZZvnH31a41E=,sp9GUPhyWo9TakRfoltqJ5VAXRM=
26,-12,aaG6Nd9TT+xoPobaZZvnH31a41E=,jLgYl+CnZocw3tgRwKsF/xhx5K4=
25,-11,aaG6Nd9TT+xoPobaZZvnH31a41E=,zZm4IsLGDuoGcNcjluS6H9/Ok3k=
25,-12,aaG6Nd9TT+xoPobaZZvnH31a41E=,zZm4IsLGDuoGcNcjluS6H9/Ok3k=
25,-8,aaG6Nd9TT+xoPobaZZvnH31a41E=,gaJ97ZEc7SP/R0TCLbh1+Ix/9Mc=
26,-9,aaG6Nd9TT+xoPobaZZvnH31a41E=,jLgYl+CnZocw3tgRwKsF/xhx5K4=
26,-11,aaG6Nd9TT+xoPobaZZvnH31a41E=,jLgYl+CnZocw3tgRwKsF/xhx5K4=
26,-10,aaG6Nd9TT+xoPobaZZvnH31a41E=,jLgYl+CnZocw3tgRwKsF/xhx5K4=
25,-9,aaG6Nd9TT+xoPobaZZvnH31a41E=,k0YU7N7ps5RBnB1gTyKYn2kds8w=
25,-10,aaG6Nd9TT+xoPobaZZvnH31a41E=,k0YU7N7ps5RBnB1gTyKYn2kds8w=
26,-8,aaG6Nd9TT+xoPobaZZvnH31a41E=,jLgYl+CnZocw3tgRwKsF/xhx5K4=
23,-9,aaG6Nd9TT+xoPobaZZvnH31a41E=,P00ZCwp/romTkBsfUJubYjZvoE8=
23,-8,aaG6Nd9TT+xoPobaZZvnH31a41E=,eAeZEYX4gClSlyeOepqSa1g+5Hs=
24,-9,aaG6Nd9TT+xoPobaZZvnH31a41E=,k0YU7N7ps5RBnB1gTyKYn2kds8w=
24,-8,aaG6Nd9TT+xoPobaZZvnH31a41E=,gaJ97ZEc7SP/R0TCLbh1+Ix/9Mc=
24,-10,aaG6Nd9TT+xoPobaZZvnH31a41E=,k0YU7N7ps5RBnB1gTyKYn2kds8w=
23,-10,aaG6Nd9TT+xoPobaZZvnH31a41E=,P00ZCwp/romTkBsfUJubYjZvoE8=
24,-11,aaG6Nd9TT+xoPobaZZvnH31a41E=,zZm4IsLGDuoGcNcjluS6H9/Ok3k=
24,-12,aaG6Nd9TT+xoPobaZZvnH31a41E=,zZm4IsLGDuoGcNcjluS6H9/Ok3k=
24,-14,aaG6Nd9TT+xoPobaZZvnH31a41E=,Bw1LB8dCDI3s7vl4sbSibtlo3ZA=
23,-11,aaG6Nd9TT+xoPobaZZvnH31a41E=,40CrRrR19hCy9NeGT36w0UrrLz4=
23,-12,aaG6Nd9TT+xoPobaZZvnH31a41E=,40CrRrR19hCy9NeGT36w0UrrLz4=
24,-13,aaG6Nd9TT+xoPobaZZvnH31a41E=,Bw1LB8dCDI3s7vl4sbSibtlo3ZA=
24,-15,aaG6Nd9TT+xoPobaZZvnH31a41E=,ahXqM4RLlbrHZErIV6IC30gIHoI=
23,-14,aaG6Nd9TT+xoPobaZZvnH31a41E=,40CrRrR19hCy9NeGT36w0UrrLz4=
23,-15,aaG6Nd9TT+xoPobaZZvnH31a41E=,8v9x9nFoi5rle1m8/6LfKoGAcVE=
23,-13,aaG6Nd9TT+xoPobaZZvnH31a41E=,40CrRrR19hCy9NeGT36w0UrrLz4=
21,-12,FuodCD05Z1ThBpAzoPmMBIaz9es=,daGBKxC3X8fdHZbnwXdPKQkmEIU=
22,-15,FuodCD05Z1ThBpAzoPmMBIaz9es=,8v9x9nFoi5rle1m8/6LfKoGAcVE=
21,-15,FuodCD05Z1ThBpAzoPmMBIaz9es=,4OC5NcioxA/voAZupijH/idYD4U=
21,-13,FuodCD05Z1ThBpAzoPmMBIaz9es=,LJlb4Rzy0Odt/q0OGw4qLmp84KE=
21,-14,FuodCD05Z1ThBpAzoPmMBIaz9es=,LJlb4Rzy0Odt/q0OGw4qLmp84KE=
22,-13,FuodCD05Z1ThBpAzoPmMBIaz9es=,40CrRrR19hCy9NeGT36w0UrrLz4=
22,-14,FuodCD05Z1ThBpAzoPmMBIaz9es=,40CrRrR19hCy9NeGT36w0UrrLz4=
22,-12,FuodCD05Z1ThBpAzoPmMBIaz9es=,40CrRrR19hCy9NeGT36w0UrrLz4=
22,-10,FuodCD05Z1ThBpAzoPmMBIaz9es=,P00ZCwp/romTkBsfUJubYjZvoE8=
21,-11,FuodCD05Z1ThBpAzoPmMBIaz9es=,daGBKxC3X8fdHZbnwXdPKQkmEIU=
22,-11,FuodCD05Z1ThBpAzoPmMBIaz9es=,40CrRrR19hCy9NeGT36w0UrrLz4=
21,-10,FuodCD05Z1ThBpAzoPmMBIaz9es=,1B24N/xBYQES9nFdCFatFdedKwA=
19,-10,FuodCD05Z1ThBpAzoPmMBIaz9es=,1B24N/xBYQES9nFdCFatFdedKwA=
19,-11,FuodCD05Z1ThBpAzoPmMBIaz9es=,py1rYb80MWwG+aodDNk6B2j3d5k=
20,-10,FuodCD05Z1ThBpAzoPmMBIaz9es=,1B24N/xBYQES9nFdCFatFdedKwA=
19,-13,FuodCD05Z1ThBpAzoPmMBIaz9es=,LJlb4Rzy0Odt/q0OGw4qLmp84KE=
20,-13,FuodCD05Z1ThBpAzoPmMBIaz9es=,LJlb4Rzy0Odt/q0OGw4qLmp84KE=
20,-11,FuodCD05Z1ThBpAzoPmMBIaz9es=,daGBKxC3X8fdHZbnwXdPKQkmEIU=
19,-12,FuodCD05Z1ThBpAzoPmMBIaz9es=,py1rYb80MWwG+aodDNk6B2j3d5k=
20,-12,FuodCD05Z1ThBpAzoPmMBIaz9es=,daGBKxC3X8fdHZbnwXdPKQkmEIU=
18,-13,FuodCD05Z1ThBpAzoPmMBIaz9es=,LJlb4Rzy0Odt/q0OGw4qLmp84KE=
17,-13,FuodCD05Z1ThBpAzoPmMBIaz9es=,EK8ttAsiWIhElsoqE4yS+inTHM8=
17,-12,FuodCD05Z1ThBpAzoPmMBIaz9es=,y38RQBuFey7hohh0QaadkjgGDIs=
18,-12,SPd3ySbgDnRP/W8b3UjQG3r3jkY=,py1rYb80MWwG+aodDNk6B2j3d5k=
20,-15,SPd3ySbgDnRP/W8b3UjQG3r3jkY=,4OC5NcioxA/voAZupijH/idYD4U=
19,-14,SPd3ySbgDnRP/W8b3UjQG3r3jkY=,LJlb4Rzy0Odt/q0OGw4qLmp84KE=
19,-15,SPd3ySbgDnRP/W8b3UjQG3r3jkY=,4OC5NcioxA/voAZupijH/idYD4U=
20,-14,SPd3ySbgDnRP/W8b3UjQG3r3jkY=,LJlb4Rzy0Odt/q0OGw4qLmp84KE=
18,-14,SPd3ySbgDnRP/W8b3UjQG3r3jkY=,LJlb4Rzy0Odt/q0OGw4qLmp84KE=
17,-14,SPd3ySbgDnRP/W8b3UjQG3r3jkY=,EK8ttAsiWIhElsoqE4yS+inTHM8=
18,-15,SPd3ySbgDnRP/W8b3UjQG3r3jkY=,4OC5NcioxA/voAZupijH/idYD4U=
17,-15,SPd3ySbgDnRP/W8b3UjQG3r3jkY=,EK8ttAsiWIhElsoqE4yS+inTHM8=
18,-11,SPd3ySbgDnRP/W8b3UjQG3r3jkY=,py1rYb80MWwG+aodDNk6B2j3d5k=
18,-10,SPd3ySbgDnRP/W8b3UjQG3r3jkY=,1B24N/xBYQES9nFdCFatFdedKwA=
17,-11,SPd3ySbgDnRP/W8b3UjQG3r3jkY=,y38RQBuFey7hohh0QaadkjgGDIs=
17,-10,SPd3ySbgDnRP/W8b3UjQG3r3jkY=,FAuengOl+QTqXlGx2O4mm8H4RuI=
18,-7,SPd3ySbgDnRP/W8b3UjQG3r3jkY=,usHwsAcJV829a9yIkvSfI8f5ZS8=
18,-8,SPd3ySbgDnRP/W8b3UjQG3r3jkY=,usHwsAcJV829a9yIkvSfI8f5ZS8=
17,-7,SPd3ySbgDnRP/W8b3UjQG3r3jkY=,VcXfRKDZqWQYII1bfdOzAZ02CJM=
22,-8,SPd3ySbgDnRP/W8b3UjQG3r3jkY=,eAeZEYX4gClSlyeOepqSa1g+5Hs=
17,-6,SPd3ySbgDnRP/W8b3UjQG3r3jkY=,VcXfRKDZqWQYII1bfdOzAZ02CJM=
17,-9,SPd3ySbgDnRP/W8b3UjQG3r3jkY=,FAuengOl+QTqXlGx2O4mm8H4RuI=
18,-9,SPd3ySbgDnRP/W8b3UjQG3r3jkY=,1B24N/xBYQES9nFdCFatFdedKwA=
17,-8,SPd3ySbgDnRP/W8b3UjQG3r3jkY=,VcXfRKDZqWQYII1bfdOzAZ02CJM=
18,-6,SPd3ySbgDnRP/W8b3UjQG3r3jkY=,1lT0uVAhbj8Avshf1bx2rjErwMQ=
16,-8,SPd3ySbgDnRP/W8b3UjQG3r3jkY=,VcXfRKDZqWQYII1bfdOzAZ02CJM=
19,-8,SPd3ySbgDnRP/W8b3UjQG3r3jkY=,usHwsAcJV829a9yIkvSfI8f5ZS8=
19,-6,SPd3ySbgDnRP/W8b3UjQG3r3jkY=,1lT0uVAhbj8Avshf1bx2rjErwMQ=
22,-9,SPd3ySbgDnRP/W8b3UjQG3r3jkY=,P00ZCwp/romTkBsfUJubYjZvoE8=
21,-8,SPd3ySbgDnRP/W8b3UjQG3r3jkY=,DLpc6PK0AXtZBDHsi+0azFlFgB8=
16,-9,SPd3ySbgDnRP/W8b3UjQG3r3jkY=,FAuengOl+QTqXlGx2O4mm8H4RuI=
20,-8,SPd3ySbgDnRP/W8b3UjQG3r3jkY=,DLpc6PK0AXtZBDHsi+0azFlFgB8=
21,-9,SPd3ySbgDnRP/W8b3UjQG3r3jkY=,1B24N/xBYQES9nFdCFatFdedKwA=
19,-9,SPd3ySbgDnRP/W8b3UjQG3r3jkY=,1B24N/xBYQES9nFdCFatFdedKwA=
20,-9,SPd3ySbgDnRP/W8b3UjQG3r3jkY=,1B24N/xBYQES9nFdCFatFdedKwA=
20,-6,SPd3ySbgDnRP/W8b3UjQG3r3jkY=,1lT0uVAhbj8Avshf1bx2rjErwMQ=
21,-6,SPd3ySbgDnRP/W8b3UjQG3r3jkY=,1lT0uVAhbj8Avshf1bx2rjErwMQ=
22,-6,SPd3ySbgDnRP/W8b3UjQG3r3jkY=,gaJ97ZEc7SP/R0TCLbh1+Ix/9Mc=
19,-7,SPd3ySbgDnRP/W8b3UjQG3r3jkY=,usHwsAcJV829a9yIkvSfI8f5ZS8=
21,-7,SjfqNW+/2jgZHV0oYo89T6CzyXY=,DLpc6PK0AXtZBDHsi+0azFlFgB8=
22,-7,SjfqNW+/2jgZHV0oYo89T6CzyXY=,eAeZEYX4gClSlyeOepqSa1g+5Hs=
16,-10,SjfqNW+/2jgZHV0oYo89T6CzyXY=,FAuengOl+QTqXlGx2O4mm8H4RuI=
20,-7,SjfqNW+/2jgZHV0oYo89T6CzyXY=,DLpc6PK0AXtZBDHsi+0azFlFgB8=
16,-14,SjfqNW+/2jgZHV0oYo89T6CzyXY=,EK8ttAsiWIhElsoqE4yS+inTHM8=
16,-12,SjfqNW+/2jgZHV0oYo89T6CzyXY=,y38RQBuFey7hohh0QaadkjgGDIs=
16,-15,SjfqNW+/2jgZHV0oYo89T6CzyXY=,EK8ttAsiWIhElsoqE4yS+inTHM8=
16,-13,SjfqNW+/2jgZHV0oYo89T6CzyXY=,EK8ttAsiWIhElsoqE4yS+inTHM8=
16,-11,SjfqNW+/2jgZHV0oYo89T6CzyXY=,y38RQBuFey7hohh0QaadkjgGDIs=
21,-16,SjfqNW+/2jgZHV0oYo89T6CzyXY=,4OC5NcioxA/voAZupijH/idYD4U=
22,-16,SjfqNW+/2jgZHV0oYo89T6CzyXY=,8v9x9nFoi5rle1m8/6LfKoGAcVE=
20,-16,SjfqNW+/2jgZHV0oYo89T6CzyXY=,4OC5NcioxA/voAZupijH/idYD4U=
23,-16,SjfqNW+/2jgZHV0oYo89T6CzyXY=,8v9x9nFoi5rle1m8/6LfKoGAcVE=
17,-16,SjfqNW+/2jgZHV0oYo89T6CzyXY=,EK8ttAsiWIhElsoqE4yS+inTHM8=
18,-16,SjfqNW+/2jgZHV0oYo89T6CzyXY=,4OC5NcioxA/voAZupijH/idYD4U=
24,-16,SjfqNW+/2jgZHV0oYo89T6CzyXY=,ahXqM4RLlbrHZErIV6IC30gIHoI=
19,-16,SjfqNW+/2jgZHV0oYo89T6CzyXY=,4OC5NcioxA/voAZupijH/idYD4U=
27,-16,SjfqNW+/2jgZHV0oYo89T6CzyXY=,sp9GUPhyWo9TakRfoltqJ5VAXRM=
28,-16,SjfqNW+/2jgZHV0oYo89T6CzyXY=,vsJCF6FqBcqwa/+VpKKd87ff1mk=
25,-14,SjfqNW+/2jgZHV0oYo89T6CzyXY=,Bw1LB8dCDI3s7vl4sbSibtlo3ZA=
25,-15,SjfqNW+/2jgZHV0oYo89T6CzyXY=,ahXqM4RLlbrHZErIV6IC30gIHoI=
28,-15,SjfqNW+/2jgZHV0oYo89T6CzyXY=,vsJCF6FqBcqwa/+VpKKd87ff1mk=
27,-15,SjfqNW+/2jgZHV0oYo89T6CzyXY=,sp9GUPhyWo9TakRfoltqJ5VAXRM=
26,-14,SjfqNW+/2jgZHV0oYo89T6CzyXY=,sp9GUPhyWo9TakRfoltqJ5VAXRM=
26,-16,SjfqNW+/2jgZHV0oYo89T6CzyXY=,sp9GUPhyWo9TakRfoltqJ5VAXRM=
30,-15,SjfqNW+/2jgZHV0oYo89T6CzyXY=,O47I0ikNsa+FecXXH1j6ZD+LUCU=
25,-16,SjfqNW+/2jgZHV0oYo89T6CzyXY=,ahXqM4RLlbrHZErIV6IC30gIHoI=
29,-15,SjfqNW+/2jgZHV0oYo89T6CzyXY=,vsJCF6FqBcqwa/+VpKKd87ff1mk=
26,-15,SjfqNW+/2jgZHV0oYo89T6CzyXY=,sp9GUPhyWo9TakRfoltqJ5VAXRM=
27,-14,SjfqNW+/2jgZHV0oYo89T6CzyXY=,sp9GUPhyWo9TakRfoltqJ5VAXRM=
28,-14,SjfqNW+/2jgZHV0oYo89T6CzyXY=,HDYGVYrZ9pWyO7xjJoamx4fAyj8=
29,-14,SjfqNW+/2jgZHV0oYo89T6CzyXY=,HDYGVYrZ9pWyO7xjJoamx4fAyj8=
30,-14,SjfqNW+/2jgZHV0oYo89T6CzyXY=,O47I0ikNsa+FecXXH1j6ZD+LUCU=
29,-16,SjfqNW+/2jgZHV0oYo89T6CzyXY=,vsJCF6FqBcqwa/+VpKKd87ff1mk=
31,-15,SjfqNW+/2jgZHV0oYo89T6CzyXY=,O47I0ikNsa+FecXXH1j6ZD+LUCU=
31,-10,SjfqNW+/2jgZHV0oYo89T6CzyXY=,TQFSes+BteCfEIUVNxxzU6py344=
31,-11,SjfqNW+/2jgZHV0oYo89T6CzyXY=,ddeWm2BMhk7sjcQTBj7Ll7y3BNs=
31,-12,QvO+NOadXmMGxsRivxBCuK+7tB8=,ddeWm2BMhk7sjcQTBj7Ll7y3BNs=
31,-13,QvO+NOadXmMGxsRivxBCuK+7tB8=,O47I0ikNsa+FecXXH1j6ZD+LUCU=
31,-8,QvO+NOadXmMGxsRivxBCuK+7tB8=,vypUZ43sWEtwdyCOXU2De3d8CIE=
30,-16,QvO+NOadXmMGxsRivxBCuK+7tB8=,O47I0ikNsa+FecXXH1j6ZD+LUCU=
31,-7,QvO+NOadXmMGxsRivxBCuK+7tB8=,vypUZ43sWEtwdyCOXU2De3d8CIE=
31,-9,QvO+NOadXmMGxsRivxBCuK+7tB8=,TQFSes+BteCfEIUVNxxzU6py344=
31,-14,QvO+NOadXmMGxsRivxBCuK+7tB8=,O47I0ikNsa+FecXXH1j6ZD+LUCU=
31,-5,QvO+NOadXmMGxsRivxBCuK+7tB8=,zL3IT/RLxcgw3jHPMUfWhxVKHt8=
31,-3,QvO+NOadXmMGxsRivxBCuK+7tB8=,wk6lT2caErIN55y6pxu3hriEmq0=
31,-6,QvO+NOadXmMGxsRivxBCuK+7tB8=,zL3IT/RLxcgw3jHPMUfWhxVKHt8=
31,-4,QvO+NOadXmMGxsRivxBCuK+7tB8=,wk6lT2caErIN55y6pxu3hriEmq0=
31,-2,QvO+NOadXmMGxsRivxBCuK+7tB8=,JQnjIwS6nZGmCOoSMH6N8hokPnM=
30,-1,QvO+NOadXmMGxsRivxBCuK+7tB8=,JQnjIwS6nZGmCOoSMH6N8hokPnM=
31,-1,QvO+NOadXmMGxsRivxBCuK+7tB8=,JQnjIwS6nZGmCOoSMH6N8hokPnM=
29,-1,QvO+NOadXmMGxsRivxBCuK+7tB8=,Zgb+bVlMCyRTIBpcZ41mnK3lkQs=
27,-1,QvO+NOadXmMGxsRivxBCuK+7tB8=,jU8QiF66CNPZIXQBtEYJJWowHfM=
28,-1,QvO+NOadXmMGxsRivxBCuK+7tB8=,Zgb+bVlMCyRTIBpcZ41mnK3lkQs=
26,-2,QvO+NOadXmMGxsRivxBCuK+7tB8=,jU8QiF66CNPZIXQBtEYJJWowHfM=
25,-2,QvO+NOadXmMGxsRivxBCuK+7tB8=,D7+j6xYOpKOC8SOwugLO/E5dwoE=
25,-3,QvO+NOadXmMGxsRivxBCuK+7tB8=,Dq6FeH2B3nOKFhFM5q6rpNSr5Xw=
25,-1,QvO+NOadXmMGxsRivxBCuK+7tB8=,D7+j6xYOpKOC8SOwugLO/E5dwoE=
26,-3,QvO+NOadXmMGxsRivxBCuK+7tB8=,Ekt+KgNNLxVbHAGyxLxhzDpNel0=
21,-2,QvO+NOadXmMGxsRivxBCuK+7tB8=,zJntdIDaUjm5U2jGzw+DYNxXpVw=
22,-2,QvO+NOadXmMGxsRivxBCuK+7tB8=,47Pmd79L8akUsKl5wb6YknskcM4=
23,-3,QvO+NOadXmMGxsRivxBCuK+7tB8=,FwVluw8h+kxbTAbTXSSAyoFjzfs=
24,-3,QvO+NOadXmMGxsRivxBCuK+7tB8=,Dq6FeH2B3nOKFhFM5q6rpNSr5Xw=
24,-2,QvO+NOadXmMGxsRivxBCuK+7tB8=,D7+j6xYOpKOC8SOwugLO/E5dwoE=
23,-2,QvO+NOadXmMGxsRivxBCuK+7tB8=,47Pmd79L8akUsKl5wb6YknskcM4=
26,-1,QvO+NOadXmMGxsRivxBCuK+7tB8=,jU8QiF66CNPZIXQBtEYJJWowHfM=
22,-3,QvO+NOadXmMGxsRivxBCuK+7tB8=,FwVluw8h+kxbTAbTXSSAyoFjzfs=
21,-3,QvO+NOadXmMGxsRivxBCuK+7tB8=,csBz2SA0KKId2xbm4WO94NpZZUU=
19,-2,QvO+NOadXmMGxsRivxBCuK+7tB8=,HegJyFLt3OZnTTHFoJiq+0imh9g=
19,-3,QvO+NOadXmMGxsRivxBCuK+7tB8=,zJntdIDaUjm5U2jGzw+DYNxXpVw=
20,-2,QvO+NOadXmMGxsRivxBCuK+7tB8=,zJntdIDaUjm5U2jGzw+DYNxXpVw=
20,-3,QvO+NOadXmMGxsRivxBCuK+7tB8=,csBz2SA0KKId2xbm4WO94NpZZUU=
19,-1,QvO+NOadXmMGxsRivxBCuK+7tB8=,HegJyFLt3OZnTTHFoJiq+0imh9g=
23,-1,QvO+NOadXmMGxsRivxBCuK+7tB8=,47Pmd79L8akUsKl5wb6YknskcM4=
24,-1,QvO+NOadXmMGxsRivxBCuK+7tB8=,D7+j6xYOpKOC8SOwugLO/E5dwoE=
16,-2,QvO+NOadXmMGxsRivxBCuK+7tB8=,VWpsfQAzYZFiJt2TmI6LlqkZnlA=
21,-1,QvO+NOadXmMGxsRivxBCuK+7tB8=,zJntdIDaUjm5U2jGzw+DYNxXpVw=
16,-7,hCmfceQ777mEo59l8qhwj/SjPwo=,VcXfRKDZqWQYII1bfdOzAZ02CJM=
18,-1,hCmfceQ777mEo59l8qhwj/SjPwo=,HegJyFLt3OZnTTHFoJiq+0imh9g=
20,-1,hCmfceQ777mEo59l8qhwj/SjPwo=,zJntdIDaUjm5U2jGzw+DYNxXpVw=
16,-1,hCmfceQ777mEo59l8qhwj/SjPwo=,VWpsfQAzYZFiJt2TmI6LlqkZnlA=
16,-6,hCmfceQ777mEo59l8qhwj/SjPwo=,VcXfRKDZqWQYII1bfdOzAZ02CJM=
16,-16,hCmfceQ777mEo59l8qhwj/SjPwo=,EK8ttAsiWIhElsoqE4yS+inTHM8=
16,-3,hCmfceQ777mEo59l8qhwj/SjPwo=,upOW1yNAkDKz4EwDFtNV7o+80Mc=
16,-5,hCmfceQ777mEo59l8qhwj/SjPwo=,VcXfRKDZqWQYII1bfdOzAZ02CJM=
31,-16,hCmfceQ777mEo59l8qhwj/SjPwo=,O47I0ikNsa+FecXXH1j6ZD+LUCU=
16,-4,hCmfceQ777mEo59l8qhwj/SjPwo=,upOW1yNAkDKz4EwDFtNV7o+80Mc=
17,-1,hCmfceQ777mEo59l8qhwj/SjPwo=,VWpsfQAzYZFiJt2TmI6LlqkZnlA=
22,-1,hCmfceQ777mEo59l8qhwj/SjPwo=,47Pmd79L8akUsKl5wb6YknskcM4=
20,-19,hCmfceQ777mEo59l8qhwj/SjPwo=,cOLBj8rgapfJ33qoNI79ABHtUZ8=
20,-18,hCmfceQ777mEo59l8qhwj/SjPwo=,gjbSMBdUBjXzoKT4eLofInc+XM0=
19,-19,hCmfceQ777mEo59l8qhwj/SjPwo=,OU8OPoMCAW7rZu9Y7FtEAiSDhdk=
19,-18,hCmfceQ777mEo59l8qhwj/SjPwo=,cOLBj8rgapfJ33qoNI79ABHtUZ8=
21,-18,hCmfceQ777mEo59l8qhwj/SjPwo=,gjbSMBdUBjXzoKT4eLofInc+XM0=
21,-19,e5XeBzU0Stbljr4ONb1wvswiQxk=,cOLBj8rgapfJ33qoNI79ABHtUZ8=
22,-18,e5XeBzU0Stbljr4ONb1wvswiQxk=,Ar5mv5RXwA4/a85rfWDojzytu/E=
22,-19,e5XeBzU0Stbljr4ONb1wvswiQxk=,1aqIg7cSB/sDB17S/WSvUje3NH8=
23,-18,e5XeBzU0Stbljr4ONb1wvswiQxk=,Ar5mv5RXwA4/a85rfWDojzytu/E=
24,-19,e5XeBzU0Stbljr4ONb1wvswiQxk=,f8D57kkPKCRXEfHrRlryctRS1L8=
23,-19,e5XeBzU0Stbljr4ONb1wvswiQxk=,1aqIg7cSB/sDB17S/WSvUje3NH8=
24,-18,e5XeBzU0Stbljr4ONb1wvswiQxk=,6MjVAN3NqAeyKT7aGTC+za/CZns=
25,-18,e5XeBzU0Stbljr4ONb1wvswiQxk=,6MjVAN3NqAeyKT7aGTC+za/CZns=
26,-18,e5XeBzU0Stbljr4ONb1wvswiQxk=,FonR81KdUVk9n4SWXXNRlmcUvVc=
25,-19,e5XeBzU0Stbljr4ONb1wvswiQxk=,f8D57kkPKCRXEfHrRlryctRS1L8=
26,-19,e5XeBzU0Stbljr4ONb1wvswiQxk=,FonR81KdUVk9n4SWXXNRlmcUvVc=
28,-18,e5XeBzU0Stbljr4ONb1wvswiQxk=,zpR2q9vMipbkXWuZvixzvuUcUko=
28,-19,e5XeBzU0Stbljr4ONb1wvswiQxk=,3EV69QjlZYw5BuA3sm50opsZ3Ck=
27,-18,e5XeBzU0Stbljr4ONb1wvswiQxk=,FonR81KdUVk9n4SWXXNRlmcUvVc=
27,-19,e5XeBzU0Stbljr4ONb1wvswiQxk=,FonR81KdUVk9n4SWXXNRlmcUvVc=
30,-19,e5XeBzU0Stbljr4ONb1wvswiQxk=,LzUc+07qBlmHtUzkz1gOkVQIVRE=
30,-18,e5XeBzU0Stbljr4ONb1wvswiQxk=,IH6CigV6kbeIFIEd8iuarGlD5Bg=
29,-19,e5XeBzU0Stbljr4ONb1wvswiQxk=,3EV69QjlZYw5BuA3sm50opsZ3Ck=
29,-18,e5XeBzU0Stbljr4ONb1wvswiQxk=,zpR2q9vMipbkXWuZvixzvuUcUko=
30,-21,e5XeBzU0Stbljr4ONb1wvswiQxk=,LzUc+07qBlmHtUzkz1gOkVQIVRE=
30,-20,tx2aHVgwko6mgSAZaT25pdw7b9s=,LzUc+07qBlmHtUzkz1gOkVQIVRE=
29,-20,tx2aHVgwko6mgSAZaT25pdw7b9s=,3EV69QjlZYw5BuA3sm50opsZ3Ck=
29,-21,tx2aHVgwko6mgSAZaT25pdw7b9s=,3EV69QjlZYw5BuA3sm50opsZ3Ck=
25,-21,tx2aHVgwko6mgSAZaT25pdw7b9s=,gUL8RJjk6W0Lxv9Qdr+eil3eAIg=
28,-21,tx2aHVgwko6mgSAZaT25pdw7b9s=,3EV69QjlZYw5BuA3sm50opsZ3Ck=
25,-20,tx2aHVgwko6mgSAZaT25pdw7b9s=,f8D57kkPKCRXEfHrRlryctRS1L8=
26,-20,tx2aHVgwko6mgSAZaT25pdw7b9s=,FonR81KdUVk9n4SWXXNRlmcUvVc=
26,-21,tx2aHVgwko6mgSAZaT25pdw7b9s=,Oa6dP3TKg9pQLtaeBYf+ItHu2/s=
27,-20,tx2aHVgwko6mgSAZaT25pdw7b9s=,FonR81KdUVk9n4SWXXNRlmcUvVc=
23,-21,tx2aHVgwko6mgSAZaT25pdw7b9s=,Af2bdNNmZ7KjfTpCcFqGL03aQAk=
27,-21,tx2aHVgwko6mgSAZaT25pdw7b9s=,Oa6dP3TKg9pQLtaeBYf+ItHu2/s=
24,-21,tx2aHVgwko6mgSAZaT25pdw7b9s=,gUL8RJjk6W0Lxv9Qdr+eil3eAIg=
24,-20,tx2aHVgwko6mgSAZaT25pdw7b9s=,f8D57kkPKCRXEfHrRlryctRS1L8=
28,-20,tx2aHVgwko6mgSAZaT25pdw7b9s=,3EV69QjlZYw5BuA3sm50opsZ3Ck=
23,-20,tx2aHVgwko6mgSAZaT25pdw7b9s=,1aqIg7cSB/sDB17S/WSvUje3NH8=
21,-21,tx2aHVgwko6mgSAZaT25pdw7b9s=,xX8CbNy7mEaOVwyMKrXOUY1K154=
22,-20,tx2aHVgwko6mgSAZaT25pdw7b9s=,1aqIg7cSB/sDB17S/WSvUje3NH8=
21,-20,tx2aHVgwko6mgSAZaT25pdw7b9s=,cOLBj8rgapfJ33qoNI79ABHtUZ8=
22,-21,tx2aHVgwko6mgSAZaT25pdw7b9s=,Af2bdNNmZ7KjfTpCcFqGL03aQAk=
20,-20,tx2aHVgwko6mgSAZaT25pdw7b9s=,cOLBj8rgapfJ33qoNI79ABHtUZ8=
20,-21,tx2aHVgwko6mgSAZaT25pdw7b9s=,xX8CbNy7mEaOVwyMKrXOUY1K154=
18,-20,tx2aHVgwko6mgSAZaT25pdw7b9s=,OU8OPoMCAW7rZu9Y7FtEAiSDhdk=
19,-20,tx2aHVgwko6mgSAZaT25pdw7b9s=,OU8OPoMCAW7rZu9Y7FtEAiSDhdk=
19,-21,tx2aHVgwko6mgSAZaT25pdw7b9s=,xX8CbNy7mEaOVwyMKrXOUY1K154=
17,-20,tx2aHVgwko6mgSAZaT25pdw7b9s=,Q+FW0WR/TFpYAGmvdSm+Z4cgT4s=
17,-19,pm7el8PQalfUDTINDtuULpYKY+8=,Q+FW0WR/TFpYAGmvdSm+Z4cgT4s=
17,-21,pm7el8PQalfUDTINDtuULpYKY+8=,Y02HCbIST6HYHRubME1j2Hot4MA=
17,-18,pm7el8PQalfUDTINDtuULpYKY+8=,OU8OPoMCAW7rZu9Y7FtEAiSDhdk=
18,-19,pm7el8PQalfUDTINDtuULpYKY+8=,OU8OPoMCAW7rZu9Y7FtEAiSDhdk=
18,-21,pm7el8PQalfUDTINDtuULpYKY+8=,xX8CbNy7mEaOVwyMKrXOUY1K154=
16,-18,pm7el8PQalfUDTINDtuULpYKY+8=,OU8OPoMCAW7rZu9Y7FtEAiSDhdk=
16,-19,pm7el8PQalfUDTINDtuULpYKY+8=,Q+FW0WR/TFpYAGmvdSm+Z4cgT4s=
18,-17,pm7el8PQalfUDTINDtuULpYKY+8=,cOLBj8rgapfJ33qoNI79ABHtUZ8=
17,-17,pm7el8PQalfUDTINDtuULpYKY+8=,OU8OPoMCAW7rZu9Y7FtEAiSDhdk=
20,-17,pm7el8PQalfUDTINDtuULpYKY+8=,gjbSMBdUBjXzoKT4eLofInc+XM0=
22,-17,pm7el8PQalfUDTINDtuULpYKY+8=,Ar5mv5RXwA4/a85rfWDojzytu/E=
18,-18,pm7el8PQalfUDTINDtuULpYKY+8=,cOLBj8rgapfJ33qoNI79ABHtUZ8=
21,-17,pm7el8PQalfUDTINDtuULpYKY+8=,gjbSMBdUBjXzoKT4eLofInc+XM0=
23,-17,pm7el8PQalfUDTINDtuULpYKY+8=,Ar5mv5RXwA4/a85rfWDojzytu/E=
24,-17,pm7el8PQalfUDTINDtuULpYKY+8=,6MjVAN3NqAeyKT7aGTC+za/CZns=
28,-17,pm7el8PQalfUDTINDtuULpYKY+8=,zpR2q9vMipbkXWuZvixzvuUcUko=
26,-17,pm7el8PQalfUDTINDtuULpYKY+8=,FonR81KdUVk9n4SWXXNRlmcUvVc=
27,-17,pm7el8PQalfUDTINDtuULpYKY+8=,FonR81KdUVk9n4SWXXNRlmcUvVc=
25,-17,pm7el8PQalfUDTINDtuULpYKY+8=,6MjVAN3NqAeyKT7aGTC+za/CZns=
19,-17,pm7el8PQalfUDTINDtuULpYKY+8=,cOLBj8rgapfJ33qoNI79ABHtUZ8=
29,-17,pm7el8PQalfUDTINDtuULpYKY+8=,zpR2q9vMipbkXWuZvixzvuUcUko=
31,-20,pm7el8PQalfUDTINDtuULpYKY+8=,LzUc+07qBlmHtUzkz1gOkVQIVRE=
31,-19,pm7el8PQalfUDTINDtuULpYKY+8=,LzUc+07qBlmHtUzkz1gOkVQIVRE=
31,-18,pm7el8PQalfUDTINDtuULpYKY+8=,IH6CigV6kbeIFIEd8iuarGlD5Bg=
30,-17,pm7el8PQalfUDTINDtuULpYKY+8=,IH6CigV6kbeIFIEd8iuarGlD5Bg=
31,-21,pm7el8PQalfUDTINDtuULpYKY+8=,LzUc+07qBlmHtUzkz1gOkVQIVRE=
31,-17,pm7el8PQalfUDTINDtuULpYKY+8=,IH6CigV6kbeIFIEd8iuarGlD5Bg=
20,-22,pm7el8PQalfUDTINDtuULpYKY+8=,xX8CbNy7mEaOVwyMKrXOUY1K154=
24,-22,pm7el8PQalfUDTINDtuULpYKY+8=,gUL8RJjk6W0Lxv9Qdr+eil3eAIg=
23,-22,pm7el8PQalfUDTINDtuULpYKY+8=,Af2bdNNmZ7KjfTpCcFqGL03aQAk=
19,-22,pm7el8PQalfUDTINDtuULpYKY+8=,xX8CbNy7mEaOVwyMKrXOUY1K154=
29,-22,pm7el8PQalfUDTINDtuULpYKY+8=,3EV69QjlZYw5BuA3sm50opsZ3Ck=
25,-22,pm7el8PQalfUDTINDtuULpYKY+8=,gUL8RJjk6W0Lxv9Qdr+eil3eAIg=
30,-22,pm7el8PQalfUDTINDtuULpYKY+8=,LzUc+07qBlmHtUzkz1gOkVQIVRE=
26,-22,pm7el8PQalfUDTINDtuULpYKY+8=,Oa6dP3TKg9pQLtaeBYf+ItHu2/s=
16,-17,pm7el8PQalfUDTINDtuULpYKY+8=,OU8OPoMCAW7rZu9Y7FtEAiSDhdk=
21,-22,pm7el8PQalfUDTINDtuULpYKY+8=,xX8CbNy7mEaOVwyMKrXOUY1K154=
22,-22,pm7el8PQalfUDTINDtuULpYKY+8=,Af2bdNNmZ7KjfTpCcFqGL03aQAk=
28,-22,pm7el8PQalfUDTINDtuULpYKY+8=,3EV69QjlZYw5BuA3sm50opsZ3Ck=
17,-22,pm7el8PQalfUDTINDtuULpYKY+8=,Y02HCbIST6HYHRubME1j2Hot4MA=
31,-22,pm7el8PQalfUDTINDtuULpYKY+8=,LzUc+07qBlmHtUzkz1gOkVQIVRE=
27,-22,pm7el8PQalfUDTINDtuULpYKY+8=,Oa6dP3TKg9pQLtaeBYf+ItHu2/s=
16,-21,pm7el8PQalfUDTINDtuULpYKY+8=,Y02HCbIST6HYHRubME1j2Hot4MA=
16,-22,pm7el8PQalfUDTINDtuULpYKY+8=,Y02HCbIST6HYHRubME1j2Hot4MA=
18,-22,pm7el8PQalfUDTINDtuULpYKY+8=,xX8CbNy7mEaOVwyMKrXOUY1K154=
16,-20,pm7el8PQalfUDTINDtuULpYKY+8=,Q+FW0WR/TFpYAGmvdSm+Z4cgT4s=
3,-20,FZB1lkLe6k6cHzSyepwQVpmWNhE=,mBcFsj7r7B2QEk4a3o/tTswV8dI=
3,-19,FZB1lkLe6k6cHzSyepwQVpmWNhE=,mBcFsj7r7B2QEk4a3o/tTswV8dI=
3,-18,FZB1lkLe6k6cHzSyepwQVpmWNhE=,M1SzTaWuUxoGQ4TNf9AtZbdd600=
4,-19,FZB1lkLe6k6cHzSyepwQVpmWNhE=,GFpd6rQHT423XeGYa309lpaAvVo=
4,-18,FZB1lkLe6k6cHzSyepwQVpmWNhE=,NNl0mHGGGB04l26t1dRHPkJIo+Y=
4,-20,FZB1lkLe6k6cHzSyepwQVpmWNhE=,GFpd6rQHT423XeGYa309lpaAvVo=
4,-21,FZB1lkLe6k6cHzSyepwQVpmWNhE=,1szAsXgfy66XBKp3sFTmre9GGnQ=
3,-21,FZB1lkLe6k6cHzSyepwQVpmWNhE=,eWLr0OoK0xdUDmwJBBifBmmvZr8=
5,-21,FZB1lkLe6k6cHzSyepwQVpmWNhE=,1szAsXgfy66XBKp3sFTmre9GGnQ=
5,-19,FZB1lkLe6k6cHzSyepwQVpmWNhE=,GFpd6rQHT423XeGYa309lpaAvVo=
5,-20,FZB1lkLe6k6cHzSyepwQVpmWNhE=,GFpd6rQHT423XeGYa309lpaAvVo=
5,-18,FZB1lkLe6k6cHzSyepwQVpmWNhE=,NNl0mHGGGB04l26t1dRHPkJIo+Y=
8,-21,FZB1lkLe6k6cHzSyepwQVpmWNhE=,hw6FY5ooequKJPWp50VyZhguq+E=
6,-18,IvASRQELtIkDjXeKQ5iXuds6zR0=,/aPtAp4OjBGj7mcoyzvc+D6t34U=
8,-20,IvASRQELtIkDjXeKQ5iXuds6zR0=,I0QnWxuZ48dDkq0rU3pYnUJaIdI=
6,-19,IvASRQELtIkDjXeKQ5iXuds6zR0=,GFpd6rQHT423XeGYa309lpaAvVo=
7,-21,IvASRQELtIkDjXeKQ5iXuds6zR0=,wepbZSlJ3PpnylgMoH+tXoMWbqU=
7,-20,IvASRQELtIkDjXeKQ5iXuds6zR0=,GFpd6rQHT423XeGYa309lpaAvVo=
10,-19,IvASRQELtIkDjXeKQ5iXuds6zR0=,TvthEQzfP78PNyw0EeBEfYAbFTQ=
9,-19,IvASRQELtIkDjXeKQ5iXuds6zR0=,I0QnWxuZ48dDkq0rU3pYnUJaIdI=
9,-18,IvASRQELtIkDjXeKQ5iXuds6zR0=,qD+KIFJ1GR+w/Xcjj/DTiZOpj/8=
10,-21,IvASRQELtIkDjXeKQ5iXuds6zR0=,hbhJ6hVoKyJaPgjjZfAvzJZ1W/0=
6,-20,IvASRQELtIkDjXeKQ5iXuds6zR0=,GFpd6rQHT423XeGYa309lpaAvVo=
10,-20,IvASRQELtIkDjXeKQ5iXuds6zR0=,TvthEQzfP78PNyw0EeBEfYAbFTQ=
10,-18,IvASRQELtIkDjXeKQ5iXuds6zR0=,7w0PZzeQnBNipsWJp0mG2mYMbCA=
6,-21,IvASRQELtIkDjXeKQ5iXuds6zR0=,wepbZSlJ3PpnylgMoH+tXoMWbqU=
9,-21,IvASRQELtIkDjXeKQ5iXuds6zR0=,hw6FY5ooequKJPWp50VyZhguq+E=
9,-20,IvASRQELtIkDjXeKQ5iXuds6zR0=,I0QnWxuZ48dDkq0rU3pYnUJaIdI=
8,-18,IvASRQELtIkDjXeKQ5iXuds6zR0=,qD+KIFJ1GR+w/Xcjj/DTiZOpj/8=
7,-18,IvASRQELtIkDjXeKQ5iXuds6zR0=,/aPtAp4OjBGj7mcoyzvc+D6t34U=
8,-19,IvASRQELtIkDjXeKQ5iXuds6zR0=,I0QnWxuZ48dDkq0rU3pYnUJaIdI=
11,-19,IvASRQELtIkDjXeKQ5iXuds6zR0=,TvthEQzfP78PNyw0EeBEfYAbFTQ=
12,-19,IvASRQELtIkDjXeKQ5iXuds6zR0=,upGj4vkhyRDWgEGL1/s1miHRpsE=
7,-19,IvASRQELtIkDjXeKQ5iXuds6zR0=,GFpd6rQHT423XeGYa309lpaAvVo=
11,-18,IvASRQELtIkDjXeKQ5iXuds6zR0=,7w0PZzeQnBNipsWJp0mG2mYMbCA=
12,-20,IvASRQELtIkDjXeKQ5iXuds6zR0=,upGj4vkhyRDWgEGL1/s1miHRpsE=
12,-18,IvASRQELtIkDjXeKQ5iXuds6zR0=,QB50va1Zm0oUNCBM7ED6NaPPEhM=
12,-21,IvASRQELtIkDjXeKQ5iXuds6zR0=,cBEWA4/hVdM1QEAqWFKfh1HiDD8=
11,-21,IvASRQELtIkDjXeKQ5iXuds6zR0=,hbhJ6hVoKyJaPgjjZfAvzJZ1W/0=
11,-20,IvASRQELtIkDjXeKQ5iXuds6zR0=,TvthEQzfP78PNyw0EeBEfYAbFTQ=
13,-19,Zg9+lDLzfeaRIzaD6shbEvEkx8w=,upGj4vkhyRDWgEGL1/s1miHRpsE=
14,-21,Zg9+lDLzfeaRIzaD6shbEvEkx8w=,pWHhBNXnjfmDrabggM82dT+7cJ4=
14,-20,Zg9+lDLzfeaRIzaD6shbEvEkx8w=,Ul/0gPCpO2cpQDCHaUA/aqwzbwo=
15,-21,Zg9+lDLzfeaRIzaD6shbEvEkx8w=,pWHhBNXnjfmDrabggM82dT+7cJ4=
13,-18,Zg9+lDLzfeaRIzaD6shbEvEkx8w=,QB50va1Zm0oUNCBM7ED6NaPPEhM=
14,-18,Zg9+lDLzfeaRIzaD6shbEvEkx8w=,2fTEJV+vfB8SjeLg9fs6+iy9JxA=
13,-20,Zg9+lDLzfeaRIzaD6shbEvEkx8w=,upGj4vkhyRDWgEGL1/s1miHRpsE=
14,-17,Zg9+lDLzfeaRIzaD6shbEvEkx8w=,2fTEJV+vfB8SjeLg9fs6+iy9JxA=
14,-19,Zg9+lDLzfeaRIzaD6shbEvEkx8w=,Ul/0gPCpO2cpQDCHaUA/aqwzbwo=
13,-17,Zg9+lDLzfeaRIzaD6shbEvEkx8w=,QB50va1Zm0oUNCBM7ED6NaPPEhM=
15,-20,Zg9+lDLzfeaRIzaD6shbEvEkx8w=,Ul/0gPCpO2cpQDCHaUA/aqwzbwo=
15,-17,Zg9+lDLzfeaRIzaD6shbEvEkx8w=,2fTEJV+vfB8SjeLg9fs6+iy9JxA=
15,-18,Zg9+lDLzfeaRIzaD6shbEvEkx8w=,2fTEJV+vfB8SjeLg9fs6+iy9JxA=
15,-19,Zg9+lDLzfeaRIzaD6shbEvEkx8w=,Ul/0gPCpO2cpQDCHaUA/aqwzbwo=
13,-21,Zg9+lDLzfeaRIzaD6shbEvEkx8w=,cBEWA4/hVdM1QEAqWFKfh1HiDD8=
2,-19,Zg9+lDLzfeaRIzaD6shbEvEkx8w=,mBcFsj7r7B2QEk4a3o/tTswV8dI=
2,-18,Zg9+lDLzfeaRIzaD6shbEvEkx8w=,M1SzTaWuUxoGQ4TNf9AtZbdd600=
0,-18,Zg9+lDLzfeaRIzaD6shbEvEkx8w=,M1SzTaWuUxoGQ4TNf9AtZbdd600=
1,-19,Zg9+lDLzfeaRIzaD6shbEvEkx8w=,zymU54wKqIdf3ZqnStnxxl6B9us=
0,-19,Zg9+lDLzfeaRIzaD6shbEvEkx8w=,zymU54wKqIdf3ZqnStnxxl6B9us=
1,-17,Zg9+lDLzfeaRIzaD6shbEvEkx8w=,M1SzTaWuUxoGQ4TNf9AtZbdd600=
1,-18,Zg9+lDLzfeaRIzaD6shbEvEkx8w=,M1SzTaWuUxoGQ4TNf9AtZbdd600=
2,-17,Zg9+lDLzfeaRIzaD6shbEvEkx8w=,M1SzTaWuUxoGQ4TNf9AtZbdd600=
0,-17,Zg9+lDLzfeaRIzaD6shbEvEkx8w=,M1SzTaWuUxoGQ4TNf9AtZbdd600=
2,-20,Zg9+lDLzfeaRIzaD6shbEvEkx8w=,mBcFsj7r7B2QEk4a3o/tTswV8dI=
0,-20,Zg9+lDLzfeaRIzaD6shbEvEkx8w=,zymU54wKqIdf3ZqnStnxxl6B9us=
7,-17,Zg9+lDLzfeaRIzaD6shbEvEkx8w=,/aPtAp4OjBGj7mcoyzvc+D6t34U=
0,-21,Zg9+lDLzfeaRIzaD6shbEvEkx8w=,Hp0cv/vtCl+a9urYhh+34l0Xi9o=
5,-17,Zg9+lDLzfeaRIzaD6shbEvEkx8w=,NNl0mHGGGB04l26t1dRHPkJIo+Y=
8,-17,Zg9+lDLzfeaRIzaD6shbEvEkx8w=,qD+KIFJ1GR+w/Xcjj/DTiZOpj/8=
6,-17,Zg9+lDLzfeaRIzaD6shbEvEkx8w=,/aPtAp4OjBGj7mcoyzvc+D6t34U=
3,-17,Zg9+lDLzfeaRIzaD6shbEvEkx8w=,M1SzTaWuUxoGQ4TNf9AtZbdd600=
10,-17,Zg9+lDLzfeaRIzaD6shbEvEkx8w=,7w0PZzeQnBNipsWJp0mG2mYMbCA=
9,-22,Zg9+lDLzfeaRIzaD6shbEvEkx8w=,hw6FY5ooequKJPWp50VyZhguq+E=
4,-17,Zg9+lDLzfeaRIzaD6shbEvEkx8w=,NNl0mHGGGB04l26t1dRHPkJIo+Y=
11,-17,Zg9+lDLzfeaRIzaD6shbEvEkx8w=,7w0PZzeQnBNipsWJp0mG2mYMbCA=
9,-17,Zg9+lDLzfeaRIzaD6shbEvEkx8w=,qD+KIFJ1GR+w/Xcjj/DTiZOpj/8=
2,-21,Zg9+lDLzfeaRIzaD6shbEvEkx8w=,eWLr0OoK0xdUDmwJBBifBmmvZr8=
1,-21,Zg9+lDLzfeaRIzaD6shbEvEkx8w=,Hp0cv/vtCl+a9urYhh+34l0Xi9o=
1,-20,Zg9+lDLzfeaRIzaD6shbEvEkx8w=,zymU54wKqIdf3ZqnStnxxl6B9us=
10,-22,Zg9+lDLzfeaRIzaD6shbEvEkx8w=,hbhJ6hVoKyJaPgjjZfAvzJZ1W/0=
8,-22,Zg9+lDLzfeaRIzaD6shbEvEkx8w=,hw6FY5ooequKJPWp50VyZhguq+E=
12,-17,Zg9+lDLzfeaRIzaD6shbEvEkx8w=,QB50va1Zm0oUNCBM7ED6NaPPEhM=
15,-22,Zg9+lDLzfeaRIzaD6shbEvEkx8w=,pWHhBNXnjfmDrabggM82dT+7cJ4=
14,-22,Zg9+lDLzfeaRIzaD6shbEvEkx8w=,pWHhBNXnjfmDrabggM82dT+7cJ4=
5,-22,Zg9+lDLzfeaRIzaD6shbEvEkx8w=,1szAsXgfy66XBKp3sFTmre9GGnQ=
7,-22,Zg9+lDLzfeaRIzaD6shbEvEkx8w=,wepbZSlJ3PpnylgMoH+tXoMWbqU=
1,-22,Zg9+lDLzfeaRIzaD6shbEvEkx8w=,Hp0cv/vtCl+a9urYhh+34l0Xi9o=
0,-22,Zg9+lDLzfeaRIzaD6shbEvEkx8w=,Hp0cv/vtCl+a9urYhh+34l0Xi9o=
2,-22,Zg9+lDLzfeaRIzaD6shbEvEkx8w=,eWLr0OoK0xdUDmwJBBifBmmvZr8=
4,-22,Zg9+lDLzfeaRIzaD6shbEvEkx8w=,1szAsXgfy66XBKp3sFTmre9GGnQ=
3,-22,Zg9+lDLzfeaRIzaD6shbEvEkx8w=,eWLr0OoK0xdUDmwJBBifBmmvZr8=
6,-22,Zg9+lDLzfeaRIzaD6shbEvEkx8w=,wepbZSlJ3PpnylgMoH+tXoMWbqU=
12,-22,B1w7dO+KC5OJBchdia/pWEHnF3M=,cBEWA4/hVdM1QEAqWFKfh1HiDD8=
13,-22,B1w7dO+KC5OJBchdia/pWEHnF3M=,cBEWA4/hVdM1QEAqWFKfh1HiDD8=
11,-22,B1w7dO+KC5OJBchdia/pWEHnF3M=,hbhJ6hVoKyJaPgjjZfAvzJZ1W/0=
2,-3,B1w7dO+KC5OJBchdia/pWEHnF3M=,ho6UQ1C6eIx1HZcpqg50s2cZPm8=
2,-2,B1w7dO+KC5OJBchdia/pWEHnF3M=,rnWAl3L/x9yTNhFiwoX1U5zWB0U=
2,-5,B1w7dO+KC5OJBchdia/pWEHnF3M=,IxDzGpN268r894G1VzzRZU5fJ4E=
1,-3,B1w7dO+KC5OJBchdia/pWEHnF3M=,8eO4DBFevF12uYRUjiYtfEzhrx4=
2,-4,B1w7dO+KC5OJBchdia/pWEHnF3M=,ho6UQ1C6eIx1HZcpqg50s2cZPm8=
1,-5,B1w7dO+KC5OJBchdia/pWEHnF3M=,HAHJ4Da3FwrLBZxS4e0ZEynIKAI=
1,-2,B1w7dO+KC5OJBchdia/pWEHnF3M=,xENbGYJJABBI179yw1pYZBIKZ+U=
1,-4,B1w7dO+KC5OJBchdia/pWEHnF3M=,8eO4DBFevF12uYRUjiYtfEzhrx4=
2,-6,enoC49KER445NZ3YWVbguU1GD7w=,IxDzGpN268r894G1VzzRZU5fJ4E=
1,-6,enoC49KER445NZ3YWVbguU1GD7w=,HAHJ4Da3FwrLBZxS4e0ZEynIKAI=
1,-7,enoC49KER445NZ3YWVbguU1GD7w=,vzsPQTa45kzBztfesZMTu7K8IAE=
2,-7,enoC49KER445NZ3YWVbguU1GD7w=,rKUrC7maUhv2W/AxaiPIrwzzesk=
1,-8,enoC49KER445NZ3YWVbguU1GD7w=,vzsPQTa45kzBztfesZMTu7K8IAE=
2,-8,enoC49KER445NZ3YWVbguU1GD7w=,rKUrC7maUhv2W/AxaiPIrwzzesk=
1,-9,enoC49KER445NZ3YWVbguU1GD7w=,jeSxeyUyqvY7Ir1tSaCy1t/fEOk=
2,-9,enoC49KER445NZ3YWVbguU1GD7w=,13J21irMFr0+1DZEI246R9rOthk=
2,-10,enoC49KER445NZ3YWVbguU1GD7w=,13J21irMFr0+1DZEI246R9rOthk=
1,-10,enoC49KER445NZ3YWVbguU1GD7w=,jeSxeyUyqvY7Ir1tSaCy1t/fEOk=
1,-13,enoC49KER445NZ3YWVbguU1GD7w=,Fi45MJNcFGNpSAyED93eqHe5tpE=
2,-13,enoC49KER445NZ3YWVbguU1GD7w=,Zco7fpMf6xXlk0WBce9A+yZi+9w=
2,-11,enoC49KER445NZ3YWVbguU1GD7w=,Bo4rYGjyXDyA38yO41ZUqGqtoV4=
1,-11,enoC49KER445NZ3YWVbguU1GD7w=,1DSHxyOgHz9Qv0Qi7Iac1LKquUU=
1,-12,enoC49KER445NZ3YWVbguU1GD7w=,1DSHxyOgHz9Qv0Qi7Iac1LKquUU=
2,-12,enoC49KER445NZ3YWVbguU1GD7w=,Bo4rYGjyXDyA38yO41ZUqGqtoV4=
3,-14,enoC49KER445NZ3YWVbguU1GD7w=,Zco7fpMf6xXlk0WBce9A+yZi+9w=
4,-15,enoC49KER445NZ3YWVbguU1GD7w=,mvnEVVzfo4NFvAn4Bep9Ch/9WAE=
5,-15,enoC49KER445NZ3YWVbguU1GD7w=,mvnEVVzfo4NFvAn4Bep9Ch/9WAE=
3,-15,enoC49KER445NZ3YWVbguU1GD7w=,fSYNJg+zXSuwTzSAiCOVFWh3zdE=
5,-14,enoC49KER445NZ3YWVbguU1GD7w=,Bo4rYGjyXDyA38yO41ZUqGqtoV4=
6,-15,enoC49KER445NZ3YWVbguU1GD7w=,Yw0vz/ovweYcjYHYvVYYW97r/ic=
4,-14,enoC49KER445NZ3YWVbguU1GD7w=,Bo4rYGjyXDyA38yO41ZUqGqtoV4=
6,-14,enoC49KER445NZ3YWVbguU1GD7w=,eDwwUVzjE0uXrKhoGoP2oRNPjRg=
7,-12,gYDrZ90sE8UIjE31Wn0KghdlBrY=,DMKlQ2xzuaHoqIGLEIL8cAxZZg4=
8,-12,gYDrZ90sE8UIjE31Wn0KghdlBrY=,yASt3/Vk3MaCNIjok4Z4vkRsCqA=
8,-13,gYDrZ90sE8UIjE31Wn0KghdlBrY=,oVivS4SUUULID3UzrdBwQtBg71o=
7,-13,gYDrZ90sE8UIjE31Wn0KghdlBrY=,eDwwUVzjE0uXrKhoGoP2oRNPjRg=
10,-12,gYDrZ90sE8UIjE31Wn0KghdlBrY=,9cLk0wLsEXOx1NOTgx0+PstOMR0=
12,-12,gYDrZ90sE8UIjE31Wn0KghdlBrY=,ZzihU+ec5J53ZglGlVG/UVv3wzA=
9,-12,gYDrZ90sE8UIjE31Wn0KghdlBrY=,yASt3/Vk3MaCNIjok4Z4vkRsCqA=
9,-13,gYDrZ90sE8UIjE31Wn0KghdlBrY=,oVivS4SUUULID3UzrdBwQtBg71o=
11,-13,gYDrZ90sE8UIjE31Wn0KghdlBrY=,77+qL/UdWSQjr+NOik8RVhZ8Lts=
10,-13,gYDrZ90sE8UIjE31Wn0KghdlBrY=,77+qL/UdWSQjr+NOik8RVhZ8Lts=
12,-13,gYDrZ90sE8UIjE31Wn0KghdlBrY=,wK7CenfeDXezJdziWlNXJv5I4uM=
11,-12,gYDrZ90sE8UIjE31Wn0KghdlBrY=,9cLk0wLsEXOx1NOTgx0+PstOMR0=
13,-12,r0OAU6PI6WnS4TWavzmcpkuEB/I=,ZzihU+ec5J53ZglGlVG/UVv3wzA=
14,-12,r0OAU6PI6WnS4TWavzmcpkuEB/I=,OjI90tZ6xovFxh7v8S/JRpNqeFo=
13,-14,r0OAU6PI6WnS4TWavzmcpkuEB/I=,wK7CenfeDXezJdziWlNXJv5I4uM=
14,-13,r0OAU6PI6WnS4TWavzmcpkuEB/I=,0rSXE018HzkorABhdXC8jcwmNFk=
13,-13,r0OAU6PI6WnS4TWavzmcpkuEB/I=,wK7CenfeDXezJdziWlNXJv5I4uM=
13,-15,r0OAU6PI6WnS4TWavzmcpkuEB/I=,wK7CenfeDXezJdziWlNXJv5I4uM=
14,-15,r0OAU6PI6WnS4TWavzmcpkuEB/I=,R5qXCRgrP7JgF/lhTiiM0h3NN5E=
14,-14,r0OAU6PI6WnS4TWavzmcpkuEB/I=,0rSXE018HzkorABhdXC8jcwmNFk=
14,-10,r0OAU6PI6WnS4TWavzmcpkuEB/I=,OjI90tZ6xovFxh7v8S/JRpNqeFo=
13,-11,r0OAU6PI6WnS4TWavzmcpkuEB/I=,ZzihU+ec5J53ZglGlVG/UVv3wzA=
14,-11,r0OAU6PI6WnS4TWavzmcpkuEB/I=,OjI90tZ6xovFxh7v8S/JRpNqeFo=
13,-10,r0OAU6PI6WnS4TWavzmcpkuEB/I=,Su6QksF/d3X7TUH1hLkBkNlpPPo=
10,-10,r0OAU6PI6WnS4TWavzmcpkuEB/I=,5zliVPwUB7D7/Q28LI6r5CJOMLo=
11,-10,r0OAU6PI6WnS4TWavzmcpkuEB/I=,5zliVPwUB7D7/Q28LI6r5CJOMLo=
9,-11,r0OAU6PI6WnS4TWavzmcpkuEB/I=,yASt3/Vk3MaCNIjok4Z4vkRsCqA=
9,-10,r0OAU6PI6WnS4TWavzmcpkuEB/I=,CGmSvAvVdmi6BwLL6X6CmzV2ES8=
10,-11,r0OAU6PI6WnS4TWavzmcpkuEB/I=,9cLk0wLsEXOx1NOTgx0+PstOMR0=
12,-11,r0OAU6PI6WnS4TWavzmcpkuEB/I=,ZzihU+ec5J53ZglGlVG/UVv3wzA=
12,-10,r0OAU6PI6WnS4TWavzmcpkuEB/I=,Su6QksF/d3X7TUH1hLkBkNlpPPo=
8,-10,r0OAU6PI6WnS4TWavzmcpkuEB/I=,CGmSvAvVdmi6BwLL6X6CmzV2ES8=
7,-10,r0OAU6PI6WnS4TWavzmcpkuEB/I=,cN6ch8glKzyvPhFHuOW2TT0/rCA=
11,-11,r0OAU6PI6WnS4TWavzmcpkuEB/I=,9cLk0wLsEXOx1NOTgx0+PstOMR0=
7,-11,r0OAU6PI6WnS4TWavzmcpkuEB/I=,DMKlQ2xzuaHoqIGLEIL8cAxZZg4=
8,-11,r0OAU6PI6WnS4TWavzmcpkuEB/I=,yASt3/Vk3MaCNIjok4Z4vkRsCqA=
6,-10,r0OAU6PI6WnS4TWavzmcpkuEB/I=,cN6ch8glKzyvPhFHuOW2TT0/rCA=
6,-11,r0OAU6PI6WnS4TWavzmcpkuEB/I=,DMKlQ2xzuaHoqIGLEIL8cAxZZg4=
3,-9,r0OAU6PI6WnS4TWavzmcpkuEB/I=,13J21irMFr0+1DZEI246R9rOthk=
6,-8,r0OAU6PI6WnS4TWavzmcpkuEB/I=,Txaayzqw/nk09PfV0RR6dbIzdYc=
6,-9,r0OAU6PI6WnS4TWavzmcpkuEB/I=,cN6ch8glKzyvPhFHuOW2TT0/rCA=
5,-10,r0OAU6PI6WnS4TWavzmcpkuEB/I=,13J21irMFr0+1DZEI246R9rOthk=
3,-13,r0OAU6PI6WnS4TWavzmcpkuEB/I=,Zco7fpMf6xXlk0WBce9A+yZi+9w=
5,-11,r0OAU6PI6WnS4TWavzmcpkuEB/I=,Z8KWHKgNZHDZZWAIdI0bWAke5d4=
3,-8,r0OAU6PI6WnS4TWavzmcpkuEB/I=,rKUrC7maUhv2W/AxaiPIrwzzesk=
4,-10,r0OAU6PI6WnS4TWavzmcpkuEB/I=,13J21irMFr0+1DZEI246R9rOthk=
4,-13,r0OAU6PI6WnS4TWavzmcpkuEB/I=,Bo4rYGjyXDyA38yO41ZUqGqtoV4=
3,-10,r0OAU6PI6WnS4TWavzmcpkuEB/I=,13J21irMFr0+1DZEI246R9rOthk=
6,-12,r0OAU6PI6WnS4TWavzmcpkuEB/I=,DMKlQ2xzuaHoqIGLEIL8cAxZZg4=
5,-9,r0OAU6PI6WnS4TWavzmcpkuEB/I=,13J21irMFr0+1DZEI246R9rOthk=
4,-8,r0OAU6PI6WnS4TWavzmcpkuEB/I=,FBp++MFROWqEIwmcc3z7/L3qeFQ=
4,-9,r0OAU6PI6WnS4TWavzmcpkuEB/I=,13J21irMFr0+1DZEI246R9rOthk=
6,-13,r0OAU6PI6WnS4TWavzmcpkuEB/I=,eDwwUVzjE0uXrKhoGoP2oRNPjRg=
5,-12,r0OAU6PI6WnS4TWavzmcpkuEB/I=,Z8KWHKgNZHDZZWAIdI0bWAke5d4=
5,-8,r0OAU6PI6WnS4TWavzmcpkuEB/I=,FBp++MFROWqEIwmcc3z7/L3qeFQ=
5,-13,r0OAU6PI6WnS4TWavzmcpkuEB/I=,Bo4rYGjyXDyA38yO41ZUqGqtoV4=
3,-11,r0OAU6PI6WnS4TWavzmcpkuEB/I=,Bo4rYGjyXDyA38yO41ZUqGqtoV4=
4,-12,r0OAU6PI6WnS4TWavzmcpkuEB/I=,Z8KWHKgNZHDZZWAIdI0bWAke5d4=
3,-12,RT4RqEmT9tsP/0In2OeaIOBlytY=,Bo4rYGjyXDyA38yO41ZUqGqtoV4=
7,-9,RT4RqEmT9tsP/0In2OeaIOBlytY=,cN6ch8glKzyvPhFHuOW2TT0/rCA=
4,-11,RT4RqEmT9tsP/0In2OeaIOBlytY=,Z8KWHKgNZHDZZWAIdI0bWAke5d4=
8,-8,RT4RqEmT9tsP/0In2OeaIOBlytY=,CGmSvAvVdmi6BwLL6X6CmzV2ES8=
7,-8,RT4RqEmT9tsP/0In2OeaIOBlytY=,Txaayzqw/nk09PfV0RR6dbIzdYc=
8,-9,RT4RqEmT9tsP/0In2OeaIOBlytY=,CGmSvAvVdmi6BwLL6X6CmzV2ES8=
6,-6,RT4RqEmT9tsP/0In2OeaIOBlytY=,eVj6feMekKlOLFedDiD3EyFg7kQ=
8,-6,RT4RqEmT9tsP/0In2OeaIOBlytY=,Bz8mSlaE6HYox8u9gq+Pb/fzod0=
4,-7,RT4RqEmT9tsP/0In2OeaIOBlytY=,FBp++MFROWqEIwmcc3z7/L3qeFQ=
3,-7,RT4RqEmT9tsP/0In2OeaIOBlytY=,rKUrC7maUhv2W/AxaiPIrwzzesk=
5,-7,RT4RqEmT9tsP/0In2OeaIOBlytY=,FBp++MFROWqEIwmcc3z7/L3qeFQ=
3,-6,RT4RqEmT9tsP/0In2OeaIOBlytY=,IxDzGpN268r894G1VzzRZU5fJ4E=
6,-7,RT4RqEmT9tsP/0In2OeaIOBlytY=,Txaayzqw/nk09PfV0RR6dbIzdYc=
4,-6,RT4RqEmT9tsP/0In2OeaIOBlytY=,cc3CiON/xWkuhXPo3Tb9EOysEJo=
7,-6,RT4RqEmT9tsP/0In2OeaIOBlytY=,eVj6feMekKlOLFedDiD3EyFg7kQ=
7,-7,RT4RqEmT9tsP/0In2OeaIOBlytY=,Txaayzqw/nk09PfV0RR6dbIzdYc=
5,-6,RT4RqEmT9tsP/0In2OeaIOBlytY=,cc3CiON/xWkuhXPo3Tb9EOysEJo=
8,-7,RT4RqEmT9tsP/0In2OeaIOBlytY=,CGmSvAvVdmi6BwLL6X6CmzV2ES8=
4,-4,RT4RqEmT9tsP/0In2OeaIOBlytY=,QHC+2nI1YPZAy/DFXbCuRtdu0C8=
4,-5,RT4RqEmT9tsP/0In2OeaIOBlytY=,cc3CiON/xWkuhXPo3Tb9EOysEJo=
3,-5,RT4RqEmT9tsP/0In2OeaIOBlytY=,IxDzGpN268r894G1VzzRZU5fJ4E=
3,-4,RT4RqEmT9tsP/0In2OeaIOBlytY=,ho6UQ1C6eIx1HZcpqg50s2cZPm8=
5,-5,RT4RqEmT9tsP/0In2OeaIOBlytY=,cc3CiON/xWkuhXPo3Tb9EOysEJo=
5,-4,RT4RqEmT9tsP/0In2OeaIOBlytY=,QHC+2nI1YPZAy/DFXbCuRtdu0C8=
6,-5,RT4RqEmT9tsP/0In2OeaIOBlytY=,eVj6feMekKlOLFedDiD3EyFg7kQ=
6,-4,RT4RqEmT9tsP/0In2OeaIOBlytY=,6XUXeQYqPP/4QaX1949OrcsEtAg=
7,-4,RT4RqEmT9tsP/0In2OeaIOBlytY=,6XUXeQYqPP/4QaX1949OrcsEtAg=
8,-4,RT4RqEmT9tsP/0In2OeaIOBlytY=,JfV0KJz1mqMoDlVqW4z63iBMDEg=
8,-5,RT4RqEmT9tsP/0In2OeaIOBlytY=,Bz8mSlaE6HYox8u9gq+Pb/fzod0=
10,-5,RT4RqEmT9tsP/0In2OeaIOBlytY=,nLkaRY2uVwHsUA+se3FAkpA3a9M=
9,-5,RT4RqEmT9tsP/0In2OeaIOBlytY=,Bz8mSlaE6HYox8u9gq+Pb/fzod0=
7,-5,RT4RqEmT9tsP/0In2OeaIOBlytY=,eVj6feMekKlOLFedDiD3EyFg7kQ=
10,-4,RT4RqEmT9tsP/0In2OeaIOBlytY=,/RI2FRFdz1jjXd9Dq8NLcTKZZJg=
9,-4,RT4RqEmT9tsP/0In2OeaIOBlytY=,JfV0KJz1mqMoDlVqW4z63iBMDEg=
8,-2,RT4RqEmT9tsP/0In2OeaIOBlytY=,Dm9YFs6Nqu3GoEMNQgH12HBgatY=
7,-2,RT4RqEmT9tsP/0In2OeaIOBlytY=,ieW+TKjO3l6O+yYclHP1wCXeqUo=
10,-3,RT4RqEmT9tsP/0In2OeaIOBlytY=,/RI2FRFdz1jjXd9Dq8NLcTKZZJg=
8,-3,F7+gC4LDWSDfKN9dXGmp0IiB0Lg=,JfV0KJz1mqMoDlVqW4z63iBMDEg=
9,-2,F7+gC4LDWSDfKN9dXGmp0IiB0Lg=,Dm9YFs6Nqu3GoEMNQgH12HBgatY=
9,-3,F7+gC4LDWSDfKN9dXGmp0IiB0Lg=,JfV0KJz1mqMoDlVqW4z63iBMDEg=
7,-3,F7+gC4LDWSDfKN9dXGmp0IiB0Lg=,6XUXeQYqPP/4QaX1949OrcsEtAg=
10,-2,F7+gC4LDWSDfKN9dXGmp0IiB0Lg=,Q5pdf8fFPmgaPSqoJPRoesftw4k=
11,-3,F7+gC4LDWSDfKN9dXGmp0IiB0Lg=,/RI2FRFdz1jjXd9Dq8NLcTKZZJg=
11,-2,F7+gC4LDWSDfKN9dXGmp0IiB0Lg=,Q5pdf8fFPmgaPSqoJPRoesftw4k=
12,-3,F7+gC4LDWSDfKN9dXGmp0IiB0Lg=,YQYiav4cP5xwOA04fvPkIbVdhLY=
12,-2,F7+gC4LDWSDfKN9dXGmp0IiB0Lg=,YQYiav4cP5xwOA04fvPkIbVdhLY=
12,-5,F7+gC4LDWSDfKN9dXGmp0IiB0Lg=,ALJV/IOJ5yV6rsfYcT5UW543yq4=
12,-4,F7+gC4LDWSDfKN9dXGmp0IiB0Lg=,YQYiav4cP5xwOA04fvPkIbVdhLY=
11,-5,F7+gC4LDWSDfKN9dXGmp0IiB0Lg=,nLkaRY2uVwHsUA+se3FAkpA3a9M=
11,-4,F7+gC4LDWSDfKN9dXGmp0IiB0Lg=,/RI2FRFdz1jjXd9Dq8NLcTKZZJg=
13,-4,F7+gC4LDWSDfKN9dXGmp0IiB0Lg=,YQYiav4cP5xwOA04fvPkIbVdhLY=
13,-5,F7+gC4LDWSDfKN9dXGmp0IiB0Lg=,ALJV/IOJ5yV6rsfYcT5UW543yq4=
14,-4,F7+gC4LDWSDfKN9dXGmp0IiB0Lg=,6wtCba2Ysl4cnIyHE4+vO4HiESA=
14,-5,F7+gC4LDWSDfKN9dXGmp0IiB0Lg=,zF8Nbu4pHitbrjxFTVWpne8fkKs=
13,-8,F7+gC4LDWSDfKN9dXGmp0IiB0Lg=,pXAP1Ia98vs+8XyWbPCK4hIxRZo=
14,-9,F7+gC4LDWSDfKN9dXGmp0IiB0Lg=,OjI90tZ6xovFxh7v8S/JRpNqeFo=
13,-7,F7+gC4LDWSDfKN9dXGmp0IiB0Lg=,pXAP1Ia98vs+8XyWbPCK4hIxRZo=
13,-9,F7+gC4LDWSDfKN9dXGmp0IiB0Lg=,Su6QksF/d3X7TUH1hLkBkNlpPPo=
15,-7,F7+gC4LDWSDfKN9dXGmp0IiB0Lg=,zF8Nbu4pHitbrjxFTVWpne8fkKs=
14,-8,F7+gC4LDWSDfKN9dXGmp0IiB0Lg=,zF8Nbu4pHitbrjxFTVWpne8fkKs=
14,-7,F7+gC4LDWSDfKN9dXGmp0IiB0Lg=,zF8Nbu4pHitbrjxFTVWpne8fkKs=
15,-6,F7+gC4LDWSDfKN9dXGmp0IiB0Lg=,zF8Nbu4pHitbrjxFTVWpne8fkKs=
14,-6,F7+gC4LDWSDfKN9dXGmp0IiB0Lg=,zF8Nbu4pHitbrjxFTVWpne8fkKs=
13,-6,F7+gC4LDWSDfKN9dXGmp0IiB0Lg=,ALJV/IOJ5yV6rsfYcT5UW543yq4=
9,-6,F7+gC4LDWSDfKN9dXGmp0IiB0Lg=,Bz8mSlaE6HYox8u9gq+Pb/fzod0=
9,-7,F7+gC4LDWSDfKN9dXGmp0IiB0Lg=,CGmSvAvVdmi6BwLL6X6CmzV2ES8=
15,-9,F7+gC4LDWSDfKN9dXGmp0IiB0Lg=,OjI90tZ6xovFxh7v8S/JRpNqeFo=
9,-8,dSE6HP9yy0X8wMkqRPVn+nIoaHI=,CGmSvAvVdmi6BwLL6X6CmzV2ES8=
11,-9,dSE6HP9yy0X8wMkqRPVn+nIoaHI=,5zliVPwUB7D7/Q28LI6r5CJOMLo=
9,-9,dSE6HP9yy0X8wMkqRPVn+nIoaHI=,CGmSvAvVdmi6BwLL6X6CmzV2ES8=
10,-6,dSE6HP9yy0X8wMkqRPVn+nIoaHI=,nLkaRY2uVwHsUA+se3FAkpA3a9M=
15,-8,dSE6HP9yy0X8wMkqRPVn+nIoaHI=,zF8Nbu4pHitbrjxFTVWpne8fkKs=
12,-9,dSE6HP9yy0X8wMkqRPVn+nIoaHI=,Su6QksF/d3X7TUH1hLkBkNlpPPo=
12,-6,dSE6HP9yy0X8wMkqRPVn+nIoaHI=,ALJV/IOJ5yV6rsfYcT5UW543yq4=
15,-11,dSE6HP9yy0X8wMkqRPVn+nIoaHI=,OjI90tZ6xovFxh7v8S/JRpNqeFo=
10,-9,dSE6HP9yy0X8wMkqRPVn+nIoaHI=,5zliVPwUB7D7/Q28LI6r5CJOMLo=
11,-8,dSE6HP9yy0X8wMkqRPVn+nIoaHI=,Q5pdf8fFPmgaPSqoJPRoesftw4k=
15,-10,dSE6HP9yy0X8wMkqRPVn+nIoaHI=,OjI90tZ6xovFxh7v8S/JRpNqeFo=
11,-6,dSE6HP9yy0X8wMkqRPVn+nIoaHI=,nLkaRY2uVwHsUA+se3FAkpA3a9M=
12,-7,dSE6HP9yy0X8wMkqRPVn+nIoaHI=,pXAP1Ia98vs+8XyWbPCK4hIxRZo=
10,-7,dSE6HP9yy0X8wMkqRPVn+nIoaHI=,Q5pdf8fFPmgaPSqoJPRoesftw4k=
11,-7,dSE6HP9yy0X8wMkqRPVn+nIoaHI=,Q5pdf8fFPmgaPSqoJPRoesftw4k=
12,-8,dSE6HP9yy0X8wMkqRPVn+nIoaHI=,pXAP1Ia98vs+8XyWbPCK4hIxRZo=
15,-12,dSE6HP9yy0X8wMkqRPVn+nIoaHI=,OjI90tZ6xovFxh7v8S/JRpNqeFo=
10,-8,dSE6HP9yy0X8wMkqRPVn+nIoaHI=,Q5pdf8fFPmgaPSqoJPRoesftw4k=
13,-16,dSE6HP9yy0X8wMkqRPVn+nIoaHI=,wK7CenfeDXezJdziWlNXJv5I4uM=
15,-13,dSE6HP9yy0X8wMkqRPVn+nIoaHI=,0rSXE018HzkorABhdXC8jcwmNFk=
15,-15,dSE6HP9yy0X8wMkqRPVn+nIoaHI=,R5qXCRgrP7JgF/lhTiiM0h3NN5E=
14,-16,dSE6HP9yy0X8wMkqRPVn+nIoaHI=,R5qXCRgrP7JgF/lhTiiM0h3NN5E=
15,-14,dSE6HP9yy0X8wMkqRPVn+nIoaHI=,0rSXE018HzkorABhdXC8jcwmNFk=
12,-15,dSE6HP9yy0X8wMkqRPVn+nIoaHI=,wK7CenfeDXezJdziWlNXJv5I4uM=
11,-16,dSE6HP9yy0X8wMkqRPVn+nIoaHI=,7w0PZzeQnBNipsWJp0mG2mYMbCA=
12,-16,dSE6HP9yy0X8wMkqRPVn+nIoaHI=,wK7CenfeDXezJdziWlNXJv5I4uM=
6,-16,dSE6HP9yy0X8wMkqRPVn+nIoaHI=,Yw0vz/ovweYcjYHYvVYYW97r/ic=
11,-15,dSE6HP9yy0X8wMkqRPVn+nIoaHI=,7w0PZzeQnBNipsWJp0mG2mYMbCA=
12,-14,dSE6HP9yy0X8wMkqRPVn+nIoaHI=,wK7CenfeDXezJdziWlNXJv5I4uM=
8,-16,dSE6HP9yy0X8wMkqRPVn+nIoaHI=,WM2QUBJ9MFAqWMZXuwRJR/hwrZ4=
10,-16,dSE6HP9yy0X8wMkqRPVn+nIoaHI=,7w0PZzeQnBNipsWJp0mG2mYMbCA=
5,-16,dSE6HP9yy0X8wMkqRPVn+nIoaHI=,mvnEVVzfo4NFvAn4Bep9Ch/9WAE=
7,-16,dSE6HP9yy0X8wMkqRPVn+nIoaHI=,Yw0vz/ovweYcjYHYvVYYW97r/ic=
7,-14,dSE6HP9yy0X8wMkqRPVn+nIoaHI=,eDwwUVzjE0uXrKhoGoP2oRNPjRg=
8,-14,dSE6HP9yy0X8wMkqRPVn+nIoaHI=,oVivS4SUUULID3UzrdBwQtBg71o=
7,-15,dSE6HP9yy0X8wMkqRPVn+nIoaHI=,Yw0vz/ovweYcjYHYvVYYW97r/ic=
9,-15,dSE6HP9yy0X8wMkqRPVn+nIoaHI=,WM2QUBJ9MFAqWMZXuwRJR/hwrZ4=
9,-16,dSE6HP9yy0X8wMkqRPVn+nIoaHI=,WM2QUBJ9MFAqWMZXuwRJR/hwrZ4=
4,-16,dSE6HP9yy0X8wMkqRPVn+nIoaHI=,mvnEVVzfo4NFvAn4Bep9Ch/9WAE=
10,-15,dSE6HP9yy0X8wMkqRPVn+nIoaHI=,7w0PZzeQnBNipsWJp0mG2mYMbCA=
8,-15,dSE6HP9yy0X8wMkqRPVn+nIoaHI=,WM2QUBJ9MFAqWMZXuwRJR/hwrZ4=
11,-14,dSE6HP9yy0X8wMkqRPVn+nIoaHI=,77+qL/UdWSQjr+NOik8RVhZ8Lts=
3,-16,dSE6HP9yy0X8wMkqRPVn+nIoaHI=,fSYNJg+zXSuwTzSAiCOVFWh3zdE=
10,-14,dSE6HP9yy0X8wMkqRPVn+nIoaHI=,77+qL/UdWSQjr+NOik8RVhZ8Lts=
9,-14,dSE6HP9yy0X8wMkqRPVn+nIoaHI=,oVivS4SUUULID3UzrdBwQtBg71o=
2,-16,dSE6HP9yy0X8wMkqRPVn+nIoaHI=,fSYNJg+zXSuwTzSAiCOVFWh3zdE=
1,-16,dSE6HP9yy0X8wMkqRPVn+nIoaHI=,jHDjwxS/7tlB8pUPySONbSqRoDA=
2,-15,dSE6HP9yy0X8wMkqRPVn+nIoaHI=,fSYNJg+zXSuwTzSAiCOVFWh3zdE=
1,-15,dSE6HP9yy0X8wMkqRPVn+nIoaHI=,jHDjwxS/7tlB8pUPySONbSqRoDA=
1,-14,dSE6HP9yy0X8wMkqRPVn+nIoaHI=,Fi45MJNcFGNpSAyED93eqHe5tpE=
0,-15,dSE6HP9yy0X8wMkqRPVn+nIoaHI=,jHDjwxS/7tlB8pUPySONbSqRoDA=
2,-14,dSE6HP9yy0X8wMkqRPVn+nIoaHI=,Zco7fpMf6xXlk0WBce9A+yZi+9w=
0,-13,dSE6HP9yy0X8wMkqRPVn+nIoaHI=,Fi45MJNcFGNpSAyED93eqHe5tpE=
0,-14,dSE6HP9yy0X8wMkqRPVn+nIoaHI=,Fi45MJNcFGNpSAyED93eqHe5tpE=
0,-10,dSE6HP9yy0X8wMkqRPVn+nIoaHI=,jeSxeyUyqvY7Ir1tSaCy1t/fEOk=
0,-8,dSE6HP9yy0X8wMkqRPVn+nIoaHI=,vzsPQTa45kzBztfesZMTu7K8IAE=
0,-4,ukLXzWVaWw1gQ0Y3ofwtiBUAHRI=,8eO4DBFevF12uYRUjiYtfEzhrx4=
0,-5,ukLXzWVaWw1gQ0Y3ofwtiBUAHRI=,HAHJ4Da3FwrLBZxS4e0ZEynIKAI=
0,-7,ukLXzWVaWw1gQ0Y3ofwtiBUAHRI=,vzsPQTa45kzBztfesZMTu7K8IAE=
0,-6,ukLXzWVaWw1gQ0Y3ofwtiBUAHRI=,HAHJ4Da3FwrLBZxS4e0ZEynIKAI=
0,-9,ukLXzWVaWw1gQ0Y3ofwtiBUAHRI=,jeSxeyUyqvY7Ir1tSaCy1t/fEOk=
0,-12,ukLXzWVaWw1gQ0Y3ofwtiBUAHRI=,1DSHxyOgHz9Qv0Qi7Iac1LKquUU=
0,-1,ukLXzWVaWw1gQ0Y3ofwtiBUAHRI=,xENbGYJJABBI179yw1pYZBIKZ+U=
0,-2,ukLXzWVaWw1gQ0Y3ofwtiBUAHRI=,xENbGYJJABBI179yw1pYZBIKZ+U=
0,-3,ukLXzWVaWw1gQ0Y3ofwtiBUAHRI=,8eO4DBFevF12uYRUjiYtfEzhrx4=
0,-11,ukLXzWVaWw1gQ0Y3ofwtiBUAHRI=,1DSHxyOgHz9Qv0Qi7Iac1LKquUU=
9,-1,ukLXzWVaWw1gQ0Y3ofwtiBUAHRI=,Dm9YFs6Nqu3GoEMNQgH12HBgatY=
13,-2,ukLXzWVaWw1gQ0Y3ofwtiBUAHRI=,YQYiav4cP5xwOA04fvPkIbVdhLY=
13,-3,ukLXzWVaWw1gQ0Y3ofwtiBUAHRI=,YQYiav4cP5xwOA04fvPkIbVdhLY=
12,-1,ukLXzWVaWw1gQ0Y3ofwtiBUAHRI=,YQYiav4cP5xwOA04fvPkIbVdhLY=
11,-1,ukLXzWVaWw1gQ0Y3ofwtiBUAHRI=,Q5pdf8fFPmgaPSqoJPRoesftw4k=
13,-1,ukLXzWVaWw1gQ0Y3ofwtiBUAHRI=,YQYiav4cP5xwOA04fvPkIbVdhLY=
14,-3,ukLXzWVaWw1gQ0Y3ofwtiBUAHRI=,6wtCba2Ysl4cnIyHE4+vO4HiESA=
10,-1,ukLXzWVaWw1gQ0Y3ofwtiBUAHRI=,Q5pdf8fFPmgaPSqoJPRoesftw4k=
14,-1,ukLXzWVaWw1gQ0Y3ofwtiBUAHRI=,j4wv/Z6FiXylCXOnzgeIts26yd4=
15,-4,ukLXzWVaWw1gQ0Y3ofwtiBUAHRI=,6wtCba2Ysl4cnIyHE4+vO4HiESA=
14,-2,ukLXzWVaWw1gQ0Y3ofwtiBUAHRI=,j4wv/Z6FiXylCXOnzgeIts26yd4=
15,-5,ukLXzWVaWw1gQ0Y3ofwtiBUAHRI=,zF8Nbu4pHitbrjxFTVWpne8fkKs=
15,-3,ukLXzWVaWw1gQ0Y3ofwtiBUAHRI=,6wtCba2Ysl4cnIyHE4+vO4HiESA=
0,-16,ukLXzWVaWw1gQ0Y3ofwtiBUAHRI=,jHDjwxS/7tlB8pUPySONbSqRoDA=
15,-2,ukLXzWVaWw1gQ0Y3ofwtiBUAHRI=,j4wv/Z6FiXylCXOnzgeIts26yd4=
6,-2,ukLXzWVaWw1gQ0Y3ofwtiBUAHRI=,ieW+TKjO3l6O+yYclHP1wCXeqUo=
7,-1,ukLXzWVaWw1gQ0Y3ofwtiBUAHRI=,ieW+TKjO3l6O+yYclHP1wCXeqUo=
5,-3,ukLXzWVaWw1gQ0Y3ofwtiBUAHRI=,QHC+2nI1YPZAy/DFXbCuRtdu0C8=
3,-3,ukLXzWVaWw1gQ0Y3ofwtiBUAHRI=,ho6UQ1C6eIx1HZcpqg50s2cZPm8=
8,-1,ukLXzWVaWw1gQ0Y3ofwtiBUAHRI=,Dm9YFs6Nqu3GoEMNQgH12HBgatY=
5,-2,ukLXzWVaWw1gQ0Y3ofwtiBUAHRI=,cyM9Z4IHSNRFyfvR0Ed1Rq76ajQ=
4,-2,ukLXzWVaWw1gQ0Y3ofwtiBUAHRI=,cyM9Z4IHSNRFyfvR0Ed1Rq76ajQ=
4,-3,ukLXzWVaWw1gQ0Y3ofwtiBUAHRI=,QHC+2nI1YPZAy/DFXbCuRtdu0C8=
6,-3,ukLXzWVaWw1gQ0Y3ofwtiBUAHRI=,6XUXeQYqPP/4QaX1949OrcsEtAg=
1,-1,ukLXzWVaWw1gQ0Y3ofwtiBUAHRI=,xENbGYJJABBI179yw1pYZBIKZ+U=
3,-2,ukLXzWVaWw1gQ0Y3ofwtiBUAHRI=,rnWAl3L/x9yTNhFiwoX1U5zWB0U=
15,-16,ukLXzWVaWw1gQ0Y3ofwtiBUAHRI=,R5qXCRgrP7JgF/lhTiiM0h3NN5E=
15,-1,ukLXzWVaWw1gQ0Y3ofwtiBUAHRI=,j4wv/Z6FiXylCXOnzgeIts26yd4=
2,-1,ukLXzWVaWw1gQ0Y3ofwtiBUAHRI=,rnWAl3L/x9yTNhFiwoX1U5zWB0U=
4,-1,ukLXzWVaWw1gQ0Y3ofwtiBUAHRI=,cyM9Z4IHSNRFyfvR0Ed1Rq76ajQ=
6,-1,ukLXzWVaWw1gQ0Y3ofwtiBUAHRI=,ieW+TKjO3l6O+yYclHP1wCXeqUo=
5,-1,ukLXzWVaWw1gQ0Y3ofwtiBUAHRI=,cyM9Z4IHSNRFyfvR0Ed1Rq76ajQ=
3,-1,ukLXzWVaWw1gQ0Y3ofwtiBUAHRI=,rnWAl3L/x9yTNhFiwoX1U5zWB0U=
