1,37,eSvz6QrONh+D/jGuS8wC5U9Vllg=,DFcV3zbzcptyls7jpoLzsOw4oLE=
1,38,eSvz6QrONh+D/jGuS8wC5U9Vllg=,0mkV5aqtHqDodtPrQqgUYCraJck=
2,37,eSvz6QrONh+D/jGuS8wC5U9Vllg=,uYqWqHe/ZqyDyt5IZ9B5SHx4kqw=
2,38,58+FaP0Qr7To4Xw+uHqGRxLdRh8=,xb50Q16QuKlzsdyIJ1WunGIzEPE=
1,35,58+FaP0Qr7To4Xw+uHqGRxLdRh8=,CZfkprd47Gqzkp1LR/KbWvMVb6U=
2,36,58+FaP0Qr7To4Xw+uHqGRxLdRh8=,uYqWqHe/ZqyDyt5IZ9B5SHx4kqw=
2,35,58+FaP0Qr7To4Xw+uHqGRxLdRh8=,CZfkprd47Gqzkp1LR/KbWvMVb6U=
1,36,58+FaP0Qr7To4Xw+uHqGRxLdRh8=,DFcV3zbzcptyls7jpoLzsOw4oLE=
3,33,58+FaP0Qr7To4Xw+uHqGRxLdRh8=,ehh8CCRU9EYyMZqG3KBfCOrgd2c=
4,33,58+FaP0Qr7To4Xw+uHqGRxLdRh8=,6tSQstfSZi7NlDvdkaHO6lFLWiw=
3,34,58+FaP0Qr7To4Xw+uHqGRxLdRh8=,CZfkprd47Gqzkp1LR/KbWvMVb6U=
4,34,58+FaP0Qr7To4Xw+uHqGRxLdRh8=,DDgXaZL+uzLtJB0S/3ajwicBO7s=
9,36,JfU6N/IdpETaYOQF/dhbwLDhA1s=,6C9H2rhZKnzE1p6va+6YKEWXym0=
8,35,JfU6N/IdpETaYOQF/dhbwLDhA1s=,DDgXaZL+uzLtJB0S/3ajwicBO7s=
8,36,JfU6N/IdpETaYOQF/dhbwLDhA1s=,6C9H2rhZKnzE1p6va+6YKEWXym0=
7,35,JfU6N/IdpETaYOQF/dhbwLDhA1s=,DDgXaZL+uzLtJB0S/3ajwicBO7s=
3,35,JfU6N/IdpETaYOQF/dhbwLDhA1s=,CZfkprd47Gqzkp1LR/KbWvMVb6U=
3,36,JfU6N/IdpETaYOQF/dhbwLDhA1s=,uYqWqHe/ZqyDyt5IZ9B5SHx4kqw=
10,36,JfU6N/IdpETaYOQF/dhbwLDhA1s=,6C9H2rhZKnzE1p6va+6YKEWXym0=
9,35,JfU6N/IdpETaYOQF/dhbwLDhA1s=,DDgXaZL+uzLtJB0S/3ajwicBO7s=
6,35,JfU6N/IdpETaYOQF/dhbwLDhA1s=,DDgXaZL+uzLtJB0S/3ajwicBO7s=
4,36,JfU6N/IdpETaYOQF/dhbwLDhA1s=,uYqWqHe/ZqyDyt5IZ9B5SHx4kqw=
7,36,JfU6N/IdpETaYOQF/dhbwLDhA1s=,6C9H2rhZKnzE1p6va+6YKEWXym0=
4,35,JfU6N/IdpETaYOQF/dhbwLDhA1s=,DDgXaZL+uzLtJB0S/3ajwicBO7s=
10,35,JfU6N/IdpETaYOQF/dhbwLDhA1s=,ES9Qayt5P3VrRqVIU5/GS1X2qIk=
6,36,JfU6N/IdpETaYOQF/dhbwLDhA1s=,6C9H2rhZKnzE1p6va+6YKEWXym0=
5,35,JfU6N/IdpETaYOQF/dhbwLDhA1s=,DDgXaZL+uzLtJB0S/3ajwicBO7s=
5,36,JfU6N/IdpETaYOQF/dhbwLDhA1s=,uYqWqHe/ZqyDyt5IZ9B5SHx4kqw=
11,37,JfU6N/IdpETaYOQF/dhbwLDhA1s=,6C9H2rhZKnzE1p6va+6YKEWXym0=
12,37,JfU6N/IdpETaYOQF/dhbwLDhA1s=,CJ+xXmzSKL6fUXxGEaB1Cs8PQUo=
11,38,JfU6N/IdpETaYOQF/dhbwLDhA1s=,tCIDt3uTyyqhn7scAxkX68y9J1Q=
12,38,JfU6N/IdpETaYOQF/dhbwLDhA1s=,JS1fRgde+oJM46xbtQiVdZXSMMQ=
12,42,JfU6N/IdpETaYOQF/dhbwLDhA1s=,q35991W3tuF6lQX4ZQXytzdySug=
12,39,JfU6N/IdpETaYOQF/dhbwLDhA1s=,JS1fRgde+oJM46xbtQiVdZXSMMQ=
11,42,JfU6N/IdpETaYOQF/dhbwLDhA1s=,q35991W3tuF6lQX4ZQXytzdySug=
11,41,JfU6N/IdpETaYOQF/dhbwLDhA1s=,uTPvDf31pAdQq7dnXTpCKHMuo9U=
12,41,JfU6N/IdpETaYOQF/dhbwLDhA1s=,t5WwRRcrdfvSwx0RyrjSj5laUfg=
12,40,ZlgNWQyDoMSzSU07h/E74d6n6+g=,t5WwRRcrdfvSwx0RyrjSj5laUfg=
11,39,ZlgNWQyDoMSzSU07h/E74d6n6+g=,tCIDt3uTyyqhn7scAxkX68y9J1Q=
11,40,ZlgNWQyDoMSzSU07h/E74d6n6+g=,uTPvDf31pAdQq7dnXTpCKHMuo9U=
12,43,ZlgNWQyDoMSzSU07h/E74d6n6+g=,q35991W3tuF6lQX4ZQXytzdySug=
11,43,ZlgNWQyDoMSzSU07h/E74d6n6+g=,q35991W3tuF6lQX4ZQXytzdySug=
12,45,ZlgNWQyDoMSzSU07h/E74d6n6+g=,JvvkV9+BxWJD6i+j8oVavZ+rbcY=
11,45,ZlgNWQyDoMSzSU07h/E74d6n6+g=,3sNXNYBmjU8vn0NAzvin+p9WOs0=
11,44,ZlgNWQyDoMSzSU07h/E74d6n6+g=,3sNXNYBmjU8vn0NAzvin+p9WOs0=
12,44,ZlgNWQyDoMSzSU07h/E74d6n6+g=,JvvkV9+BxWJD6i+j8oVavZ+rbcY=
11,46,ZlgNWQyDoMSzSU07h/E74d6n6+g=,aUtkxXdtOvZ6+g3arrpY2YdJ/ds=
12,46,ZlgNWQyDoMSzSU07h/E74d6n6+g=,XF7pPVXP/I0FFdqg/Gr+PlxCr30=
9,44,ZlgNWQyDoMSzSU07h/E74d6n6+g=,F8TNkLE2sUPYtVbcR2KiipeA2Ms=
9,45,ZlgNWQyDoMSzSU07h/E74d6n6+g=,F8TNkLE2sUPYtVbcR2KiipeA2Ms=
9,43,ZlgNWQyDoMSzSU07h/E74d6n6+g=,sVgj+Sp4/h7TZlLrKmRlc07zxRg=
10,44,ZlgNWQyDoMSzSU07h/E74d6n6+g=,3sNXNYBmjU8vn0NAzvin+p9WOs0=
10,46,ZlgNWQyDoMSzSU07h/E74d6n6+g=,aUtkxXdtOvZ6+g3arrpY2YdJ/ds=
9,42,ZlgNWQyDoMSzSU07h/E74d6n6+g=,sVgj+Sp4/h7TZlLrKmRlc07zxRg=
9,46,ZlgNWQyDoMSzSU07h/E74d6n6+g=,Ehr94Yn7LBvRYrDISwt2qfM6XrU=
10,42,ZlgNWQyDoMSzSU07h/E74d6n6+g=,q35991W3tuF6lQX4ZQXytzdySug=
9,41,ZlgNWQyDoMSzSU07h/E74d6n6+g=,WfABMdJVG/9NpO2dfR664Qg2Q2E=
10,45,ZlgNWQyDoMSzSU07h/E74d6n6+g=,3sNXNYBmjU8vn0NAzvin+p9WOs0=
10,41,ZlgNWQyDoMSzSU07h/E74d6n6+g=,uTPvDf31pAdQq7dnXTpCKHMuo9U=
10,43,ZlgNWQyDoMSzSU07h/E74d6n6+g=,q35991W3tuF6lQX4ZQXytzdySug=
7,42,G4M4cfNLXtvDwuvOg1j9F6gLVZc=,sVgj+Sp4/h7TZlLrKmRlc07zxRg=
7,41,G4M4cfNLXtvDwuvOg1j9F6gLVZc=,RN737KN87QblFOXe7IV9b24FaUU=
8,42,G4M4cfNLXtvDwuvOg1j9F6gLVZc=,sVgj+Sp4/h7TZlLrKmRlc07zxRg=
8,41,G4M4cfNLXtvDwuvOg1j9F6gLVZc=,WfABMdJVG/9NpO2dfR664Qg2Q2E=
5,42,G4M4cfNLXtvDwuvOg1j9F6gLVZc=,hmNHZupJliW51zQ405XeSSaAi2c=
7,44,G4M4cfNLXtvDwuvOg1j9F6gLVZc=,WLWTjlMKHFKMBsOlbXxKYZ7It+4=
6,42,G4M4cfNLXtvDwuvOg1j9F6gLVZc=,sVgj+Sp4/h7TZlLrKmRlc07zxRg=
4,44,G4M4cfNLXtvDwuvOg1j9F6gLVZc=,pYgsu/bvecMgtItSA0s0N1d8CWg=
5,44,G4M4cfNLXtvDwuvOg1j9F6gLVZc=,pYgsu/bvecMgtItSA0s0N1d8CWg=
6,41,G4M4cfNLXtvDwuvOg1j9F6gLVZc=,RN737KN87QblFOXe7IV9b24FaUU=
6,43,G4M4cfNLXtvDwuvOg1j9F6gLVZc=,sVgj+Sp4/h7TZlLrKmRlc07zxRg=
8,44,G4M4cfNLXtvDwuvOg1j9F6gLVZc=,F8TNkLE2sUPYtVbcR2KiipeA2Ms=
3,44,G4M4cfNLXtvDwuvOg1j9F6gLVZc=,FP2Rgs10Hxx0GGu9hVhqY5gua1Q=
8,43,G4M4cfNLXtvDwuvOg1j9F6gLVZc=,sVgj+Sp4/h7TZlLrKmRlc07zxRg=
5,43,G4M4cfNLXtvDwuvOg1j9F6gLVZc=,hmNHZupJliW51zQ405XeSSaAi2c=
7,43,G4M4cfNLXtvDwuvOg1j9F6gLVZc=,sVgj+Sp4/h7TZlLrKmRlc07zxRg=
4,43,G4M4cfNLXtvDwuvOg1j9F6gLVZc=,hmNHZupJliW51zQ405XeSSaAi2c=
5,41,G4M4cfNLXtvDwuvOg1j9F6gLVZc=,hH23q+dCdDT9XLdABV3D9uo1wDg=
3,43,G4M4cfNLXtvDwuvOg1j9F6gLVZc=,yqou9bwjQIggZTOkq5HAeDDosWA=
6,44,tAt6EzzqByXhqZF909/mjS+CWRg=,WLWTjlMKHFKMBsOlbXxKYZ7It+4=
4,45,tAt6EzzqByXhqZF909/mjS+CWRg=,pYgsu/bvecMgtItSA0s0N1d8CWg=
1,39,tAt6EzzqByXhqZF909/mjS+CWRg=,0mkV5aqtHqDodtPrQqgUYCraJck=
4,46,tAt6EzzqByXhqZF909/mjS+CWRg=,U+zzdXNi7UmCGkWtpa5lu7zxxCQ=
1,40,tAt6EzzqByXhqZF909/mjS+CWRg=,wCbIHYRjXbrDLyFer4n8kQcO/aE=
3,45,tAt6EzzqByXhqZF909/mjS+CWRg=,FP2Rgs10Hxx0GGu9hVhqY5gua1Q=
6,45,tAt6EzzqByXhqZF909/mjS+CWRg=,WLWTjlMKHFKMBsOlbXxKYZ7It+4=
8,45,tAt6EzzqByXhqZF909/mjS+CWRg=,F8TNkLE2sUPYtVbcR2KiipeA2Ms=
5,46,tAt6EzzqByXhqZF909/mjS+CWRg=,U+zzdXNi7UmCGkWtpa5lu7zxxCQ=
2,40,tAt6EzzqByXhqZF909/mjS+CWRg=,KIZZlkZQygBqDnmBfUtmkqL5kIU=
3,46,tAt6EzzqByXhqZF909/mjS+CWRg=,8Se6f/zB1vQ1WzKQ38uE+FE9XU4=
3,41,tAt6EzzqByXhqZF909/mjS+CWRg=,KIZZlkZQygBqDnmBfUtmkqL5kIU=
3,42,tAt6EzzqByXhqZF909/mjS+CWRg=,yqou9bwjQIggZTOkq5HAeDDosWA=
7,46,tAt6EzzqByXhqZF909/mjS+CWRg=,1ngQfy496mBiBf6d+PyOv1RU5RM=
7,45,tAt6EzzqByXhqZF909/mjS+CWRg=,WLWTjlMKHFKMBsOlbXxKYZ7It+4=
6,46,tAt6EzzqByXhqZF909/mjS+CWRg=,1ngQfy496mBiBf6d+PyOv1RU5RM=
8,46,tAt6EzzqByXhqZF909/mjS+CWRg=,Ehr94Yn7LBvRYrDISwt2qfM6XrU=
5,45,tAt6EzzqByXhqZF909/mjS+CWRg=,pYgsu/bvecMgtItSA0s0N1d8CWg=
2,39,tAt6EzzqByXhqZF909/mjS+CWRg=,xb50Q16QuKlzsdyIJ1WunGIzEPE=
4,42,tAt6EzzqByXhqZF909/mjS+CWRg=,hmNHZupJliW51zQ405XeSSaAi2c=
1,43,tAt6EzzqByXhqZF909/mjS+CWRg=,vBkw0JeuiGqCjx1xCtmYKdCjHh0=
2,43,tAt6EzzqByXhqZF909/mjS+CWRg=,yqou9bwjQIggZTOkq5HAeDDosWA=
1,44,tAt6EzzqByXhqZF909/mjS+CWRg=,G5pkYlTHAgjd0zq9PGM6foOG9dQ=
2,44,tAt6EzzqByXhqZF909/mjS+CWRg=,FP2Rgs10Hxx0GGu9hVhqY5gua1Q=
0,44,tAt6EzzqByXhqZF909/mjS+CWRg=,G5pkYlTHAgjd0zq9PGM6foOG9dQ=
1,46,tAt6EzzqByXhqZF909/mjS+CWRg=,9crtpvME1dhQ9bpuvRkqI+nBv38=
1,45,tAt6EzzqByXhqZF909/mjS+CWRg=,G5pkYlTHAgjd0zq9PGM6foOG9dQ=
1,42,tAt6EzzqByXhqZF909/mjS+CWRg=,vBkw0JeuiGqCjx1xCtmYKdCjHh0=
0,43,tAt6EzzqByXhqZF909/mjS+CWRg=,vBkw0JeuiGqCjx1xCtmYKdCjHh0=
2,42,tAt6EzzqByXhqZF909/mjS+CWRg=,yqou9bwjQIggZTOkq5HAeDDosWA=
2,45,tAt6EzzqByXhqZF909/mjS+CWRg=,FP2Rgs10Hxx0GGu9hVhqY5gua1Q=
2,46,tAt6EzzqByXhqZF909/mjS+CWRg=,8Se6f/zB1vQ1WzKQ38uE+FE9XU4=
1,41,tAt6EzzqByXhqZF909/mjS+CWRg=,wCbIHYRjXbrDLyFer4n8kQcO/aE=
2,41,WcPW9LmDnQZJlevJFi46/XAvaBk=,KIZZlkZQygBqDnmBfUtmkqL5kIU=
4,41,WcPW9LmDnQZJlevJFi46/XAvaBk=,hH23q+dCdDT9XLdABV3D9uo1wDg=
0,45,WcPW9LmDnQZJlevJFi46/XAvaBk=,G5pkYlTHAgjd0zq9PGM6foOG9dQ=
0,46,WcPW9LmDnQZJlevJFi46/XAvaBk=,9crtpvME1dhQ9bpuvRkqI+nBv38=
0,42,WcPW9LmDnQZJlevJFi46/XAvaBk=,vBkw0JeuiGqCjx1xCtmYKdCjHh0=
0,41,WcPW9LmDnQZJlevJFi46/XAvaBk=,wCbIHYRjXbrDLyFer4n8kQcO/aE=
0,40,WcPW9LmDnQZJlevJFi46/XAvaBk=,wCbIHYRjXbrDLyFer4n8kQcO/aE=
0,39,WcPW9LmDnQZJlevJFi46/XAvaBk=,0mkV5aqtHqDodtPrQqgUYCraJck=
0,38,WcPW9LmDnQZJlevJFi46/XAvaBk=,0mkV5aqtHqDodtPrQqgUYCraJck=
0,35,WcPW9LmDnQZJlevJFi46/XAvaBk=,CZfkprd47Gqzkp1LR/KbWvMVb6U=
0,37,WcPW9LmDnQZJlevJFi46/XAvaBk=,DFcV3zbzcptyls7jpoLzsOw4oLE=
2,33,WcPW9LmDnQZJlevJFi46/XAvaBk=,ehh8CCRU9EYyMZqG3KBfCOrgd2c=
0,36,WcPW9LmDnQZJlevJFi46/XAvaBk=,DFcV3zbzcptyls7jpoLzsOw4oLE=
2,32,WcPW9LmDnQZJlevJFi46/XAvaBk=,ehh8CCRU9EYyMZqG3KBfCOrgd2c=
3,32,WcPW9LmDnQZJlevJFi46/XAvaBk=,ehh8CCRU9EYyMZqG3KBfCOrgd2c=
2,34,WcPW9LmDnQZJlevJFi46/XAvaBk=,CZfkprd47Gqzkp1LR/KbWvMVb6U=
0,33,WcPW9LmDnQZJlevJFi46/XAvaBk=,Lwan5H4U9sRzXs1tT8GfVdr+3DA=
1,34,WcPW9LmDnQZJlevJFi46/XAvaBk=,CZfkprd47Gqzkp1LR/KbWvMVb6U=
1,33,WcPW9LmDnQZJlevJFi46/XAvaBk=,Lwan5H4U9sRzXs1tT8GfVdr+3DA=
1,32,WcPW9LmDnQZJlevJFi46/XAvaBk=,Lwan5H4U9sRzXs1tT8GfVdr+3DA=
4,32,WcPW9LmDnQZJlevJFi46/XAvaBk=,6tSQstfSZi7NlDvdkaHO6lFLWiw=
0,34,WcPW9LmDnQZJlevJFi46/XAvaBk=,CZfkprd47Gqzkp1LR/KbWvMVb6U=
6,34,WcPW9LmDnQZJlevJFi46/XAvaBk=,DDgXaZL+uzLtJB0S/3ajwicBO7s=
6,33,WcPW9LmDnQZJlevJFi46/XAvaBk=,6tSQstfSZi7NlDvdkaHO6lFLWiw=
5,33,WcPW9LmDnQZJlevJFi46/XAvaBk=,6tSQstfSZi7NlDvdkaHO6lFLWiw=
7,34,WcPW9LmDnQZJlevJFi46/XAvaBk=,DDgXaZL+uzLtJB0S/3ajwicBO7s=
7,33,WcPW9LmDnQZJlevJFi46/XAvaBk=,6tSQstfSZi7NlDvdkaHO6lFLWiw=
8,33,WcPW9LmDnQZJlevJFi46/XAvaBk=,ot06hpIoYzdcfMRYPcxGUfThhh0=
5,34,WcPW9LmDnQZJlevJFi46/XAvaBk=,DDgXaZL+uzLtJB0S/3ajwicBO7s=
8,34,WcPW9LmDnQZJlevJFi46/XAvaBk=,DDgXaZL+uzLtJB0S/3ajwicBO7s=
9,33,Dl37pww2rpQsIE4gYzl+qUraneo=,ot06hpIoYzdcfMRYPcxGUfThhh0=
9,34,Dl37pww2rpQsIE4gYzl+qUraneo=,DDgXaZL+uzLtJB0S/3ajwicBO7s=
10,33,Dl37pww2rpQsIE4gYzl+qUraneo=,ot06hpIoYzdcfMRYPcxGUfThhh0=
10,34,Dl37pww2rpQsIE4gYzl+qUraneo=,ES9Qayt5P3VrRqVIU5/GS1X2qIk=
14,35,Dl37pww2rpQsIE4gYzl+qUraneo=,WBDSWGseXpw4Sq6kDe3kG3tILao=
11,36,Dl37pww2rpQsIE4gYzl+qUraneo=,6C9H2rhZKnzE1p6va+6YKEWXym0=
11,34,Dl37pww2rpQsIE4gYzl+qUraneo=,ES9Qayt5P3VrRqVIU5/GS1X2qIk=
13,35,Dl37pww2rpQsIE4gYzl+qUraneo=,Yjm9T3YksKdm7ba1CCgTc1XB+jM=
12,33,Dl37pww2rpQsIE4gYzl+qUraneo=,8EXKTghkpcfmsN7ievyfl1hqMGs=
12,35,Dl37pww2rpQsIE4gYzl+qUraneo=,Yjm9T3YksKdm7ba1CCgTc1XB+jM=
11,35,Dl37pww2rpQsIE4gYzl+qUraneo=,ES9Qayt5P3VrRqVIU5/GS1X2qIk=
12,34,Dl37pww2rpQsIE4gYzl+qUraneo=,Yjm9T3YksKdm7ba1CCgTc1XB+jM=
14,36,Dl37pww2rpQsIE4gYzl+qUraneo=,CJ+xXmzSKL6fUXxGEaB1Cs8PQUo=
13,36,Dl37pww2rpQsIE4gYzl+qUraneo=,CJ+xXmzSKL6fUXxGEaB1Cs8PQUo=
11,33,Dl37pww2rpQsIE4gYzl+qUraneo=,ot06hpIoYzdcfMRYPcxGUfThhh0=
13,33,Dl37pww2rpQsIE4gYzl+qUraneo=,8EXKTghkpcfmsN7ievyfl1hqMGs=
14,33,Dl37pww2rpQsIE4gYzl+qUraneo=,twlSS0WM7E8YHcXSjRLLTGTwOHg=
12,36,Dl37pww2rpQsIE4gYzl+qUraneo=,CJ+xXmzSKL6fUXxGEaB1Cs8PQUo=
13,34,Dl37pww2rpQsIE4gYzl+qUraneo=,Yjm9T3YksKdm7ba1CCgTc1XB+jM=
14,34,Dl37pww2rpQsIE4gYzl+qUraneo=,WBDSWGseXpw4Sq6kDe3kG3tILao=
14,38,Dl37pww2rpQsIE4gYzl+qUraneo=,0IPx1KGnWk9zFo5sEjjHqXGMugA=
14,39,Dl37pww2rpQsIE4gYzl+qUraneo=,0IPx1KGnWk9zFo5sEjjHqXGMugA=
14,40,Dl37pww2rpQsIE4gYzl+qUraneo=,yLbGX461mNS9dqDyoHFnkxhYZhc=
14,37,Dl37pww2rpQsIE4gYzl+qUraneo=,CJ+xXmzSKL6fUXxGEaB1Cs8PQUo=
13,40,Dl37pww2rpQsIE4gYzl+qUraneo=,t5WwRRcrdfvSwx0RyrjSj5laUfg=
13,39,Dl37pww2rpQsIE4gYzl+qUraneo=,JS1fRgde+oJM46xbtQiVdZXSMMQ=
14,44,Dl37pww2rpQsIE4gYzl+qUraneo=,468Mb0XSK9gGTn4eHFB0+omdgmM=
13,37,Dl37pww2rpQsIE4gYzl+qUraneo=,CJ+xXmzSKL6fUXxGEaB1Cs8PQUo=
13,38,Dl37pww2rpQsIE4gYzl+qUraneo=,JS1fRgde+oJM46xbtQiVdZXSMMQ=
13,44,Dl37pww2rpQsIE4gYzl+qUraneo=,JvvkV9+BxWJD6i+j8oVavZ+rbcY=
15,44,ZZAliqf/Fvfu3e2TIZcDLLhLFnU=,468Mb0XSK9gGTn4eHFB0+omdgmM=
14,41,ZZAliqf/Fvfu3e2TIZcDLLhLFnU=,yLbGX461mNS9dqDyoHFnkxhYZhc=
13,42,ZZAliqf/Fvfu3e2TIZcDLLhLFnU=,q35991W3tuF6lQX4ZQXytzdySug=
14,46,ZZAliqf/Fvfu3e2TIZcDLLhLFnU=,JEci3AxoLNY3UM8qVtLs3ewuRmw=
13,41,ZZAliqf/Fvfu3e2TIZcDLLhLFnU=,t5WwRRcrdfvSwx0RyrjSj5laUfg=
14,45,ZZAliqf/Fvfu3e2TIZcDLLhLFnU=,468Mb0XSK9gGTn4eHFB0+omdgmM=
15,46,ZZAliqf/Fvfu3e2TIZcDLLhLFnU=,JEci3AxoLNY3UM8qVtLs3ewuRmw=
14,47,ZZAliqf/Fvfu3e2TIZcDLLhLFnU=,JEci3AxoLNY3UM8qVtLs3ewuRmw=
13,43,ZZAliqf/Fvfu3e2TIZcDLLhLFnU=,q35991W3tuF6lQX4ZQXytzdySug=
13,47,ZZAliqf/Fvfu3e2TIZcDLLhLFnU=,XF7pPVXP/I0FFdqg/Gr+PlxCr30=
14,42,ZZAliqf/Fvfu3e2TIZcDLLhLFnU=,QXaYpVEIBn0Sit9gErrBrjFhFvM=
14,43,ZZAliqf/Fvfu3e2TIZcDLLhLFnU=,QXaYpVEIBn0Sit9gErrBrjFhFvM=
15,43,ZZAliqf/Fvfu3e2TIZcDLLhLFnU=,QXaYpVEIBn0Sit9gErrBrjFhFvM=
9,47,ZZAliqf/Fvfu3e2TIZcDLLhLFnU=,Ehr94Yn7LBvRYrDISwt2qfM6XrU=
13,45,ZZAliqf/Fvfu3e2TIZcDLLhLFnU=,JvvkV9+BxWJD6i+j8oVavZ+rbcY=
11,47,ZZAliqf/Fvfu3e2TIZcDLLhLFnU=,aUtkxXdtOvZ6+g3arrpY2YdJ/ds=
10,47,ZZAliqf/Fvfu3e2TIZcDLLhLFnU=,aUtkxXdtOvZ6+g3arrpY2YdJ/ds=
6,47,ZZAliqf/Fvfu3e2TIZcDLLhLFnU=,1ngQfy496mBiBf6d+PyOv1RU5RM=
15,38,ZZAliqf/Fvfu3e2TIZcDLLhLFnU=,0IPx1KGnWk9zFo5sEjjHqXGMugA=
15,40,ZZAliqf/Fvfu3e2TIZcDLLhLFnU=,yLbGX461mNS9dqDyoHFnkxhYZhc=
15,39,ZZAliqf/Fvfu3e2TIZcDLLhLFnU=,0IPx1KGnWk9zFo5sEjjHqXGMugA=
15,45,ZZAliqf/Fvfu3e2TIZcDLLhLFnU=,468Mb0XSK9gGTn4eHFB0+omdgmM=
7,47,ZZAliqf/Fvfu3e2TIZcDLLhLFnU=,1ngQfy496mBiBf6d+PyOv1RU5RM=
13,46,ZZAliqf/Fvfu3e2TIZcDLLhLFnU=,XF7pPVXP/I0FFdqg/Gr+PlxCr30=
5,47,ZZAliqf/Fvfu3e2TIZcDLLhLFnU=,U+zzdXNi7UmCGkWtpa5lu7zxxCQ=
8,47,ZZAliqf/Fvfu3e2TIZcDLLhLFnU=,Ehr94Yn7LBvRYrDISwt2qfM6XrU=
4,47,ZZAliqf/Fvfu3e2TIZcDLLhLFnU=,U+zzdXNi7UmCGkWtpa5lu7zxxCQ=
15,37,ZZAliqf/Fvfu3e2TIZcDLLhLFnU=,CJ+xXmzSKL6fUXxGEaB1Cs8PQUo=
1,47,ZZAliqf/Fvfu3e2TIZcDLLhLFnU=,9crtpvME1dhQ9bpuvRkqI+nBv38=
12,47,ZZAliqf/Fvfu3e2TIZcDLLhLFnU=,XF7pPVXP/I0FFdqg/Gr+PlxCr30=
2,47,ZZAliqf/Fvfu3e2TIZcDLLhLFnU=,8Se6f/zB1vQ1WzKQ38uE+FE9XU4=
3,47,ZZAliqf/Fvfu3e2TIZcDLLhLFnU=,8Se6f/zB1vQ1WzKQ38uE+FE9XU4=
15,35,ZZAliqf/Fvfu3e2TIZcDLLhLFnU=,WBDSWGseXpw4Sq6kDe3kG3tILao=
15,36,ZZAliqf/Fvfu3e2TIZcDLLhLFnU=,CJ+xXmzSKL6fUXxGEaB1Cs8PQUo=
5,32,ZZAliqf/Fvfu3e2TIZcDLLhLFnU=,6tSQstfSZi7NlDvdkaHO6lFLWiw=
11,32,ZZAliqf/Fvfu3e2TIZcDLLhLFnU=,ot06hpIoYzdcfMRYPcxGUfThhh0=
12,32,ZZAliqf/Fvfu3e2TIZcDLLhLFnU=,8EXKTghkpcfmsN7ievyfl1hqMGs=
6,32,7FWzgy7hwg2vLYID5ye+SRII4i4=,6tSQstfSZi7NlDvdkaHO6lFLWiw=
10,32,7FWzgy7hwg2vLYID5ye+SRII4i4=,ot06hpIoYzdcfMRYPcxGUfThhh0=
9,32,7FWzgy7hwg2vLYID5ye+SRII4i4=,ot06hpIoYzdcfMRYPcxGUfThhh0=
8,32,7FWzgy7hwg2vLYID5ye+SRII4i4=,ot06hpIoYzdcfMRYPcxGUfThhh0=
15,41,7FWzgy7hwg2vLYID5ye+SRII4i4=,yLbGX461mNS9dqDyoHFnkxhYZhc=
7,32,7FWzgy7hwg2vLYID5ye+SRII4i4=,6tSQstfSZi7NlDvdkaHO6lFLWiw=
15,32,7FWzgy7hwg2vLYID5ye+SRII4i4=,twlSS0WM7E8YHcXSjRLLTGTwOHg=
0,47,7FWzgy7hwg2vLYID5ye+SRII4i4=,9crtpvME1dhQ9bpuvRkqI+nBv38=
14,32,7FWzgy7hwg2vLYID5ye+SRII4i4=,twlSS0WM7E8YHcXSjRLLTGTwOHg=
13,32,7FWzgy7hwg2vLYID5ye+SRII4i4=,8EXKTghkpcfmsN7ievyfl1hqMGs=
15,33,7FWzgy7hwg2vLYID5ye+SRII4i4=,twlSS0WM7E8YHcXSjRLLTGTwOHg=
15,42,7FWzgy7hwg2vLYID5ye+SRII4i4=,QXaYpVEIBn0Sit9gErrBrjFhFvM=
15,34,7FWzgy7hwg2vLYID5ye+SRII4i4=,WBDSWGseXpw4Sq6kDe3kG3tILao=
15,47,7FWzgy7hwg2vLYID5ye+SRII4i4=,JEci3AxoLNY3UM8qVtLs3ewuRmw=
10,37,7FWzgy7hwg2vLYID5ye+SRII4i4=,6C9H2rhZKnzE1p6va+6YKEWXym0=
8,40,7FWzgy7hwg2vLYID5ye+SRII4i4=,WfABMdJVG/9NpO2dfR664Qg2Q2E=
0,32,7FWzgy7hwg2vLYID5ye+SRII4i4=,Lwan5H4U9sRzXs1tT8GfVdr+3DA=
7,39,7FWzgy7hwg2vLYID5ye+SRII4i4=,IcO9H8tcaQ9ctKF5ypphHz8ecLU=
9,38,7FWzgy7hwg2vLYID5ye+SRII4i4=,7fU9lKikmSli2Ibi7ybC2vvyv9o=
9,37,7FWzgy7hwg2vLYID5ye+SRII4i4=,6C9H2rhZKnzE1p6va+6YKEWXym0=
8,39,7FWzgy7hwg2vLYID5ye+SRII4i4=,7fU9lKikmSli2Ibi7ybC2vvyv9o=
10,39,7FWzgy7hwg2vLYID5ye+SRII4i4=,tCIDt3uTyyqhn7scAxkX68y9J1Q=
10,38,7FWzgy7hwg2vLYID5ye+SRII4i4=,tCIDt3uTyyqhn7scAxkX68y9J1Q=
4,37,7FWzgy7hwg2vLYID5ye+SRII4i4=,uYqWqHe/ZqyDyt5IZ9B5SHx4kqw=
9,39,7FWzgy7hwg2vLYID5ye+SRII4i4=,7fU9lKikmSli2Ibi7ybC2vvyv9o=
7,40,7FWzgy7hwg2vLYID5ye+SRII4i4=,RN737KN87QblFOXe7IV9b24FaUU=
9,40,7FWzgy7hwg2vLYID5ye+SRII4i4=,WfABMdJVG/9NpO2dfR664Qg2Q2E=
3,37,7FWzgy7hwg2vLYID5ye+SRII4i4=,uYqWqHe/ZqyDyt5IZ9B5SHx4kqw=
10,40,7FWzgy7hwg2vLYID5ye+SRII4i4=,uTPvDf31pAdQq7dnXTpCKHMuo9U=
8,38,7FWzgy7hwg2vLYID5ye+SRII4i4=,7fU9lKikmSli2Ibi7ybC2vvyv9o=
3,39,7FWzgy7hwg2vLYID5ye+SRII4i4=,xb50Q16QuKlzsdyIJ1WunGIzEPE=
8,37,7FWzgy7hwg2vLYID5ye+SRII4i4=,6C9H2rhZKnzE1p6va+6YKEWXym0=
7,37,7FWzgy7hwg2vLYID5ye+SRII4i4=,6C9H2rhZKnzE1p6va+6YKEWXym0=
7,38,7FWzgy7hwg2vLYID5ye+SRII4i4=,IcO9H8tcaQ9ctKF5ypphHz8ecLU=
4,39,7FWzgy7hwg2vLYID5ye+SRII4i4=,5ISwZR8JtcDzLKUhZIN/ZAHg6yo=
5,40,7FWzgy7hwg2vLYID5ye+SRII4i4=,hH23q+dCdDT9XLdABV3D9uo1wDg=
5,37,7FWzgy7hwg2vLYID5ye+SRII4i4=,uYqWqHe/ZqyDyt5IZ9B5SHx4kqw=
3,38,7FWzgy7hwg2vLYID5ye+SRII4i4=,xb50Q16QuKlzsdyIJ1WunGIzEPE=
3,40,7FWzgy7hwg2vLYID5ye+SRII4i4=,KIZZlkZQygBqDnmBfUtmkqL5kIU=
5,38,7FWzgy7hwg2vLYID5ye+SRII4i4=,5ISwZR8JtcDzLKUhZIN/ZAHg6yo=
4,38,7FWzgy7hwg2vLYID5ye+SRII4i4=,5ISwZR8JtcDzLKUhZIN/ZAHg6yo=
4,40,7FWzgy7hwg2vLYID5ye+SRII4i4=,hH23q+dCdDT9XLdABV3D9uo1wDg=
6,37,7FWzgy7hwg2vLYID5ye+SRII4i4=,6C9H2rhZKnzE1p6va+6YKEWXym0=
6,38,7FWzgy7hwg2vLYID5ye+SRII4i4=,IcO9H8tcaQ9ctKF5ypphHz8ecLU=
5,39,7FWzgy7hwg2vLYID5ye+SRII4i4=,5ISwZR8JtcDzLKUhZIN/ZAHg6yo=
6,40,7FWzgy7hwg2vLYID5ye+SRII4i4=,RN737KN87QblFOXe7IV9b24FaUU=
6,39,cvFQxwvVS0mvJ46cbP0+9iJSU28=,IcO9H8tcaQ9ctKF5ypphHz8ecLU=
4,52,cvFQxwvVS0mvJ46cbP0+9iJSU28=,4JZfXD7Ewl65Wm/9N7BPmmQy3Mc=
2,50,cvFQxwvVS0mvJ46cbP0+9iJSU28=,iVE1Qbhb6LO1jtpEfxlGrVnx0Ts=
4,49,cvFQxwvVS0mvJ46cbP0+9iJSU28=,lxg00N3TwmHslqwdGY/qGAtmaZA=
3,52,cvFQxwvVS0mvJ46cbP0+9iJSU28=,iRSj+VNW+cQEzc1rBl1E2JDyopQ=
1,50,cvFQxwvVS0mvJ46cbP0+9iJSU28=,2HSk6wJgScbNHlLIbbW56JlYm0U=
2,49,cvFQxwvVS0mvJ46cbP0+9iJSU28=,cBi9vJ+DG5Jt0rmWN67IHCtIqs0=
3,50,cvFQxwvVS0mvJ46cbP0+9iJSU28=,iVE1Qbhb6LO1jtpEfxlGrVnx0Ts=
3,49,cvFQxwvVS0mvJ46cbP0+9iJSU28=,cBi9vJ+DG5Jt0rmWN67IHCtIqs0=
1,49,cvFQxwvVS0mvJ46cbP0+9iJSU28=,qTul/oQa9ulVWQ+4SjegoRa9xaE=
4,51,cvFQxwvVS0mvJ46cbP0+9iJSU28=,0MB+0GeLadyDtOteEldCcibUA6A=
3,51,cvFQxwvVS0mvJ46cbP0+9iJSU28=,iVE1Qbhb6LO1jtpEfxlGrVnx0Ts=
4,50,cvFQxwvVS0mvJ46cbP0+9iJSU28=,0MB+0GeLadyDtOteEldCcibUA6A=
0,49,cvFQxwvVS0mvJ46cbP0+9iJSU28=,qTul/oQa9ulVWQ+4SjegoRa9xaE=
2,51,08QfjeyReEayR/UoAM0pkNuiXBM=,iVE1Qbhb6LO1jtpEfxlGrVnx0Ts=
2,52,08QfjeyReEayR/UoAM0pkNuiXBM=,iRSj+VNW+cQEzc1rBl1E2JDyopQ=
1,52,08QfjeyReEayR/UoAM0pkNuiXBM=,t3AcageDG3vDJP8m14dSJ7Oc2qI=
0,50,08QfjeyReEayR/UoAM0pkNuiXBM=,2HSk6wJgScbNHlLIbbW56JlYm0U=
0,51,08QfjeyReEayR/UoAM0pkNuiXBM=,2HSk6wJgScbNHlLIbbW56JlYm0U=
1,51,08QfjeyReEayR/UoAM0pkNuiXBM=,2HSk6wJgScbNHlLIbbW56JlYm0U=
2,48,08QfjeyReEayR/UoAM0pkNuiXBM=,cBi9vJ+DG5Jt0rmWN67IHCtIqs0=
1,48,08QfjeyReEayR/UoAM0pkNuiXBM=,qTul/oQa9ulVWQ+4SjegoRa9xaE=
4,48,08QfjeyReEayR/UoAM0pkNuiXBM=,lxg00N3TwmHslqwdGY/qGAtmaZA=
0,52,08QfjeyReEayR/UoAM0pkNuiXBM=,t3AcageDG3vDJP8m14dSJ7Oc2qI=
3,48,08QfjeyReEayR/UoAM0pkNuiXBM=,cBi9vJ+DG5Jt0rmWN67IHCtIqs0=
5,52,08QfjeyReEayR/UoAM0pkNuiXBM=,4JZfXD7Ewl65Wm/9N7BPmmQy3Mc=
5,49,08QfjeyReEayR/UoAM0pkNuiXBM=,lxg00N3TwmHslqwdGY/qGAtmaZA=
6,52,08QfjeyReEayR/UoAM0pkNuiXBM=,OQICulbq68gW9pRVaX7esVrH0To=
6,49,08QfjeyReEayR/UoAM0pkNuiXBM=,OS/dUN7+aAl3HEWUJXfMRi4rqJE=
6,50,08QfjeyReEayR/UoAM0pkNuiXBM=,1L5xbOcOBpZkXroIkRr4FmAUkdk=
5,50,08QfjeyReEayR/UoAM0pkNuiXBM=,0MB+0GeLadyDtOteEldCcibUA6A=
6,51,08QfjeyReEayR/UoAM0pkNuiXBM=,1L5xbOcOBpZkXroIkRr4FmAUkdk=
5,51,08QfjeyReEayR/UoAM0pkNuiXBM=,0MB+0GeLadyDtOteEldCcibUA6A=
8,50,08QfjeyReEayR/UoAM0pkNuiXBM=,b3BaafTJraqTHllryP/sCezVp4o=
8,49,08QfjeyReEayR/UoAM0pkNuiXBM=,CnejPeL8Bn6B0uy1gWitTmNP14o=
7,49,sa/GSpYQXRDmEjoYMB0YdMiLSkU=,OS/dUN7+aAl3HEWUJXfMRi4rqJE=
9,49,sa/GSpYQXRDmEjoYMB0YdMiLSkU=,CnejPeL8Bn6B0uy1gWitTmNP14o=
9,50,sa/GSpYQXRDmEjoYMB0YdMiLSkU=,b3BaafTJraqTHllryP/sCezVp4o=
10,49,sa/GSpYQXRDmEjoYMB0YdMiLSkU=,tPx4eIZPP3x87XAw0k+Scpj7rjM=
10,50,sa/GSpYQXRDmEjoYMB0YdMiLSkU=,GWKgF52pJW+pn8C3aXJw67EkF20=
8,52,sa/GSpYQXRDmEjoYMB0YdMiLSkU=,ZqTzwiBbZ77SawSKjYcjsLJmKpY=
7,52,sa/GSpYQXRDmEjoYMB0YdMiLSkU=,OQICulbq68gW9pRVaX7esVrH0To=
8,51,sa/GSpYQXRDmEjoYMB0YdMiLSkU=,b3BaafTJraqTHllryP/sCezVp4o=
7,50,sa/GSpYQXRDmEjoYMB0YdMiLSkU=,1L5xbOcOBpZkXroIkRr4FmAUkdk=
7,51,sa/GSpYQXRDmEjoYMB0YdMiLSkU=,1L5xbOcOBpZkXroIkRr4FmAUkdk=
9,52,sa/GSpYQXRDmEjoYMB0YdMiLSkU=,ZqTzwiBbZ77SawSKjYcjsLJmKpY=
10,52,sa/GSpYQXRDmEjoYMB0YdMiLSkU=,kl+LfITFphE7BQ8fK4087ki//A0=
9,51,sa/GSpYQXRDmEjoYMB0YdMiLSkU=,b3BaafTJraqTHllryP/sCezVp4o=
12,49,sa/GSpYQXRDmEjoYMB0YdMiLSkU=,/9but7euYK5dKyCuJ6ZoZJcN0aw=
12,50,sa/GSpYQXRDmEjoYMB0YdMiLSkU=,cpA7iZBtL1xn+Ic/KjNOh5oHCS0=
11,49,sa/GSpYQXRDmEjoYMB0YdMiLSkU=,tPx4eIZPP3x87XAw0k+Scpj7rjM=
12,52,sa/GSpYQXRDmEjoYMB0YdMiLSkU=,qt7U7SfoePh+iHrhtrMWbSxKJs8=
11,50,sa/GSpYQXRDmEjoYMB0YdMiLSkU=,GWKgF52pJW+pn8C3aXJw67EkF20=
12,51,sa/GSpYQXRDmEjoYMB0YdMiLSkU=,cpA7iZBtL1xn+Ic/KjNOh5oHCS0=
10,51,sa/GSpYQXRDmEjoYMB0YdMiLSkU=,GWKgF52pJW+pn8C3aXJw67EkF20=
11,52,sa/GSpYQXRDmEjoYMB0YdMiLSkU=,kl+LfITFphE7BQ8fK4087ki//A0=
11,51,sa/GSpYQXRDmEjoYMB0YdMiLSkU=,GWKgF52pJW+pn8C3aXJw67EkF20=
13,52,sa/GSpYQXRDmEjoYMB0YdMiLSkU=,qt7U7SfoePh+iHrhtrMWbSxKJs8=
14,49,liKYAq3dk9/2qGuScxJzIqK/95g=,yW1k1ZHh404Y5HiFMgoY4AyRLEg=
13,50,liKYAq3dk9/2qGuScxJzIqK/95g=,cpA7iZBtL1xn+Ic/KjNOh5oHCS0=
13,51,liKYAq3dk9/2qGuScxJzIqK/95g=,cpA7iZBtL1xn+Ic/KjNOh5oHCS0=
13,49,liKYAq3dk9/2qGuScxJzIqK/95g=,/9but7euYK5dKyCuJ6ZoZJcN0aw=
14,51,liKYAq3dk9/2qGuScxJzIqK/95g=,EEFHdpQ8bUWONHxyq4OP610CBNc=
14,50,liKYAq3dk9/2qGuScxJzIqK/95g=,EEFHdpQ8bUWONHxyq4OP610CBNc=
14,52,liKYAq3dk9/2qGuScxJzIqK/95g=,QBwLUHeWsD6D+hTW1VHeTdjegCU=
9,48,liKYAq3dk9/2qGuScxJzIqK/95g=,CnejPeL8Bn6B0uy1gWitTmNP14o=
12,48,liKYAq3dk9/2qGuScxJzIqK/95g=,/9but7euYK5dKyCuJ6ZoZJcN0aw=
14,48,liKYAq3dk9/2qGuScxJzIqK/95g=,yW1k1ZHh404Y5HiFMgoY4AyRLEg=
13,48,liKYAq3dk9/2qGuScxJzIqK/95g=,/9but7euYK5dKyCuJ6ZoZJcN0aw=
11,48,liKYAq3dk9/2qGuScxJzIqK/95g=,tPx4eIZPP3x87XAw0k+Scpj7rjM=
15,50,liKYAq3dk9/2qGuScxJzIqK/95g=,EEFHdpQ8bUWONHxyq4OP610CBNc=
10,48,liKYAq3dk9/2qGuScxJzIqK/95g=,tPx4eIZPP3x87XAw0k+Scpj7rjM=
0,48,liKYAq3dk9/2qGuScxJzIqK/95g=,qTul/oQa9ulVWQ+4SjegoRa9xaE=
5,48,liKYAq3dk9/2qGuScxJzIqK/95g=,lxg00N3TwmHslqwdGY/qGAtmaZA=
8,48,liKYAq3dk9/2qGuScxJzIqK/95g=,CnejPeL8Bn6B0uy1gWitTmNP14o=
6,48,liKYAq3dk9/2qGuScxJzIqK/95g=,OS/dUN7+aAl3HEWUJXfMRi4rqJE=
15,49,liKYAq3dk9/2qGuScxJzIqK/95g=,yW1k1ZHh404Y5HiFMgoY4AyRLEg=
7,48,liKYAq3dk9/2qGuScxJzIqK/95g=,OS/dUN7+aAl3HEWUJXfMRi4rqJE=
15,52,liKYAq3dk9/2qGuScxJzIqK/95g=,QBwLUHeWsD6D+hTW1VHeTdjegCU=
15,48,liKYAq3dk9/2qGuScxJzIqK/95g=,yW1k1ZHh404Y5HiFMgoY4AyRLEg=
15,51,liKYAq3dk9/2qGuScxJzIqK/95g=,EEFHdpQ8bUWONHxyq4OP610CBNc=
23,50,7eZChs7i0YwWlyEzSlQ7ZD6BV84=,rL1tK7qF01Uc8LsDLrMcoAaLYIg=
24,49,7eZChs7i0YwWlyEzSlQ7ZD6BV84=,i5890ivVNRzCGryV4Z3x8k36/LM=
24,50,7eZChs7i0YwWlyEzSlQ7ZD6BV84=,DSSj+dj4nSLEgG2dTEzcanqd5FU=
23,49,7eZChs7i0YwWlyEzSlQ7ZD6BV84=,25Vfkh9UOcD3vuaY4TQv/wzReRI=
25,49,7eZChs7i0YwWlyEzSlQ7ZD6BV84=,i5890ivVNRzCGryV4Z3x8k36/LM=
23,51,7eZChs7i0YwWlyEzSlQ7ZD6BV84=,rL1tK7qF01Uc8LsDLrMcoAaLYIg=
24,51,7eZChs7i0YwWlyEzSlQ7ZD6BV84=,DSSj+dj4nSLEgG2dTEzcanqd5FU=
25,50,7eZChs7i0YwWlyEzSlQ7ZD6BV84=,DSSj+dj4nSLEgG2dTEzcanqd5FU=
26,50,7eZChs7i0YwWlyEzSlQ7ZD6BV84=,cZ9/LfGA9QkOF0Ztnt8CxkJctg0=
26,49,7eZChs7i0YwWlyEzSlQ7ZD6BV84=,L3BNeWvroc4cGWc9hq2fDIrP+qc=
23,52,7eZChs7i0YwWlyEzSlQ7ZD6BV84=,jSg7s6ooFJVo3HbKwtL82wnTHS0=
24,52,7eZChs7i0YwWlyEzSlQ7ZD6BV84=,L8qBoL6+Asy7x//HD50vn6ss0HU=
28,49,7eZChs7i0YwWlyEzSlQ7ZD6BV84=,ejRqXupWWP0FGZZWstPPVOTcnVA=
27,50,7eZChs7i0YwWlyEzSlQ7ZD6BV84=,cZ9/LfGA9QkOF0Ztnt8CxkJctg0=
27,49,1vZBDQ5XMCF674FtYv5v382xpdM=,L3BNeWvroc4cGWc9hq2fDIrP+qc=
31,52,1vZBDQ5XMCF674FtYv5v382xpdM=,jbCEBlL/zSjHmGdVk8MXVFbveL0=
29,52,1vZBDQ5XMCF674FtYv5v382xpdM=,SxFuwO1whVmziVHMb6x2vbf6cGg=
30,52,1vZBDQ5XMCF674FtYv5v382xpdM=,jbCEBlL/zSjHmGdVk8MXVFbveL0=
28,50,1vZBDQ5XMCF674FtYv5v382xpdM=,S/niS0NelkO4/5Aao5ZYmbIwmFc=
29,49,1vZBDQ5XMCF674FtYv5v382xpdM=,ejRqXupWWP0FGZZWstPPVOTcnVA=
31,49,1vZBDQ5XMCF674FtYv5v382xpdM=,FT9qf4l9HLXQnDw9jbGox8DRCqs=
30,49,1vZBDQ5XMCF674FtYv5v382xpdM=,FT9qf4l9HLXQnDw9jbGox8DRCqs=
31,50,1vZBDQ5XMCF674FtYv5v382xpdM=,EHBCO73Z0XwvaSs/F4Z/UkPhW18=
30,50,1vZBDQ5XMCF674FtYv5v382xpdM=,EHBCO73Z0XwvaSs/F4Z/UkPhW18=
25,48,1vZBDQ5XMCF674FtYv5v382xpdM=,i5890ivVNRzCGryV4Z3x8k36/LM=
29,50,1vZBDQ5XMCF674FtYv5v382xpdM=,S/niS0NelkO4/5Aao5ZYmbIwmFc=
23,48,1vZBDQ5XMCF674FtYv5v382xpdM=,25Vfkh9UOcD3vuaY4TQv/wzReRI=
29,51,1vZBDQ5XMCF674FtYv5v382xpdM=,S/niS0NelkO4/5Aao5ZYmbIwmFc=
30,48,1vZBDQ5XMCF674FtYv5v382xpdM=,FT9qf4l9HLXQnDw9jbGox8DRCqs=
24,48,1vZBDQ5XMCF674FtYv5v382xpdM=,i5890ivVNRzCGryV4Z3x8k36/LM=
28,48,1vZBDQ5XMCF674FtYv5v382xpdM=,ejRqXupWWP0FGZZWstPPVOTcnVA=
27,48,1vZBDQ5XMCF674FtYv5v382xpdM=,L3BNeWvroc4cGWc9hq2fDIrP+qc=
31,51,1vZBDQ5XMCF674FtYv5v382xpdM=,EHBCO73Z0XwvaSs/F4Z/UkPhW18=
29,48,1vZBDQ5XMCF674FtYv5v382xpdM=,ejRqXupWWP0FGZZWstPPVOTcnVA=
30,51,1vZBDQ5XMCF674FtYv5v382xpdM=,EHBCO73Z0XwvaSs/F4Z/UkPhW18=
26,48,1vZBDQ5XMCF674FtYv5v382xpdM=,L3BNeWvroc4cGWc9hq2fDIrP+qc=
21,49,1vZBDQ5XMCF674FtYv5v382xpdM=,y2+oiYV8PUjgoQTVvGRThd+kBnQ=
22,49,1vZBDQ5XMCF674FtYv5v382xpdM=,25Vfkh9UOcD3vuaY4TQv/wzReRI=
21,51,1vZBDQ5XMCF674FtYv5v382xpdM=,Xqh9aj7LERVeQbHSyi56A1mazuo=
21,52,uFKTW9R6EhpSSSZtRtgXZyFhhO8=,0EJN+XLIpeftK2IdimyPsZ/fL4s=
22,51,uFKTW9R6EhpSSSZtRtgXZyFhhO8=,rL1tK7qF01Uc8LsDLrMcoAaLYIg=
22,50,uFKTW9R6EhpSSSZtRtgXZyFhhO8=,rL1tK7qF01Uc8LsDLrMcoAaLYIg=
21,50,uFKTW9R6EhpSSSZtRtgXZyFhhO8=,Xqh9aj7LERVeQbHSyi56A1mazuo=
22,52,uFKTW9R6EhpSSSZtRtgXZyFhhO8=,jSg7s6ooFJVo3HbKwtL82wnTHS0=
17,49,uFKTW9R6EhpSSSZtRtgXZyFhhO8=,Frc+vF4vkVpfG6swH+9xSA040O0=
19,49,uFKTW9R6EhpSSSZtRtgXZyFhhO8=,4eh43dxw3oOAel9pgvcQ2TQitMo=
20,49,uFKTW9R6EhpSSSZtRtgXZyFhhO8=,y2+oiYV8PUjgoQTVvGRThd+kBnQ=
20,51,uFKTW9R6EhpSSSZtRtgXZyFhhO8=,Xqh9aj7LERVeQbHSyi56A1mazuo=
18,49,uFKTW9R6EhpSSSZtRtgXZyFhhO8=,4eh43dxw3oOAel9pgvcQ2TQitMo=
18,50,uFKTW9R6EhpSSSZtRtgXZyFhhO8=,4aVZENibh5pYud4RsZZ6GJ7Yrus=
17,50,uFKTW9R6EhpSSSZtRtgXZyFhhO8=,qBv5i+swTYFN6VHaWWBnT8fuLGM=
20,50,uFKTW9R6EhpSSSZtRtgXZyFhhO8=,Xqh9aj7LERVeQbHSyi56A1mazuo=
16,50,uFKTW9R6EhpSSSZtRtgXZyFhhO8=,qBv5i+swTYFN6VHaWWBnT8fuLGM=
20,52,uFKTW9R6EhpSSSZtRtgXZyFhhO8=,0EJN+XLIpeftK2IdimyPsZ/fL4s=
19,50,uFKTW9R6EhpSSSZtRtgXZyFhhO8=,4aVZENibh5pYud4RsZZ6GJ7Yrus=
16,49,uFKTW9R6EhpSSSZtRtgXZyFhhO8=,Frc+vF4vkVpfG6swH+9xSA040O0=
19,51,uFKTW9R6EhpSSSZtRtgXZyFhhO8=,4aVZENibh5pYud4RsZZ6GJ7Yrus=
19,52,uFKTW9R6EhpSSSZtRtgXZyFhhO8=,PHNCbaklqJHeBC6qv365+G4Uz5g=
17,48,uFKTW9R6EhpSSSZtRtgXZyFhhO8=,Frc+vF4vkVpfG6swH+9xSA040O0=
22,48,uFKTW9R6EhpSSSZtRtgXZyFhhO8=,25Vfkh9UOcD3vuaY4TQv/wzReRI=
20,48,Ce4pg5El4HTr1X8N0ZP0zS2Dc5s=,y2+oiYV8PUjgoQTVvGRThd+kBnQ=
18,48,Ce4pg5El4HTr1X8N0ZP0zS2Dc5s=,4eh43dxw3oOAel9pgvcQ2TQitMo=
16,52,Ce4pg5El4HTr1X8N0ZP0zS2Dc5s=,necCZwM+KCV5HuIOZKg6vzCX4XI=
21,48,Ce4pg5El4HTr1X8N0ZP0zS2Dc5s=,y2+oiYV8PUjgoQTVvGRThd+kBnQ=
19,48,Ce4pg5El4HTr1X8N0ZP0zS2Dc5s=,4eh43dxw3oOAel9pgvcQ2TQitMo=
31,48,Ce4pg5El4HTr1X8N0ZP0zS2Dc5s=,FT9qf4l9HLXQnDw9jbGox8DRCqs=
16,51,Ce4pg5El4HTr1X8N0ZP0zS2Dc5s=,qBv5i+swTYFN6VHaWWBnT8fuLGM=
16,48,Ce4pg5El4HTr1X8N0ZP0zS2Dc5s=,Frc+vF4vkVpfG6swH+9xSA040O0=
18,51,Ce4pg5El4HTr1X8N0ZP0zS2Dc5s=,4aVZENibh5pYud4RsZZ6GJ7Yrus=
18,52,Ce4pg5El4HTr1X8N0ZP0zS2Dc5s=,PHNCbaklqJHeBC6qv365+G4Uz5g=
27,52,Ce4pg5El4HTr1X8N0ZP0zS2Dc5s=,IBe5dM4YQQe6zsrZj+G3L+Ff8Wc=
17,52,Ce4pg5El4HTr1X8N0ZP0zS2Dc5s=,necCZwM+KCV5HuIOZKg6vzCX4XI=
28,52,Ce4pg5El4HTr1X8N0ZP0zS2Dc5s=,SxFuwO1whVmziVHMb6x2vbf6cGg=
25,51,Ce4pg5El4HTr1X8N0ZP0zS2Dc5s=,DSSj+dj4nSLEgG2dTEzcanqd5FU=
26,52,Ce4pg5El4HTr1X8N0ZP0zS2Dc5s=,IBe5dM4YQQe6zsrZj+G3L+Ff8Wc=
17,51,Ce4pg5El4HTr1X8N0ZP0zS2Dc5s=,qBv5i+swTYFN6VHaWWBnT8fuLGM=
27,51,Ce4pg5El4HTr1X8N0ZP0zS2Dc5s=,cZ9/LfGA9QkOF0Ztnt8CxkJctg0=
26,51,Ce4pg5El4HTr1X8N0ZP0zS2Dc5s=,cZ9/LfGA9QkOF0Ztnt8CxkJctg0=
25,52,Ce4pg5El4HTr1X8N0ZP0zS2Dc5s=,L8qBoL6+Asy7x//HD50vn6ss0HU=
28,51,Ce4pg5El4HTr1X8N0ZP0zS2Dc5s=,S/niS0NelkO4/5Aao5ZYmbIwmFc=
30,33,Ce4pg5El4HTr1X8N0ZP0zS2Dc5s=,bYK8k8biMNShzenmte8tebbwiKY=
30,34,6Nx+sHQiPio1IGlARgDSzkMjXQg=,y0phRSExRiuMOWKE+dcyDvbSHnY=
29,34,6Nx+sHQiPio1IGlARgDSzkMjXQg=,//FnwKauup6lEGX7CbAKcb9HX9A=
29,33,6Nx+sHQiPio1IGlARgDSzkMjXQg=,//FnwKauup6lEGX7CbAKcb9HX9A=
29,36,6Nx+sHQiPio1IGlARgDSzkMjXQg=,no2I/f+zhuAhwJi4m7W0MzJLpKw=
30,36,6Nx+sHQiPio1IGlARgDSzkMjXQg=,n84HK+43l4FlHOuNFYO+7fwHb4I=
30,35,6Nx+sHQiPio1IGlARgDSzkMjXQg=,y0phRSExRiuMOWKE+dcyDvbSHnY=
29,35,6Nx+sHQiPio1IGlARgDSzkMjXQg=,//FnwKauup6lEGX7CbAKcb9HX9A=
29,38,6Nx+sHQiPio1IGlARgDSzkMjXQg=,9Zc3iPnq4kyw/gHmE1r2FIjCWb8=
29,37,6Nx+sHQiPio1IGlARgDSzkMjXQg=,no2I/f+zhuAhwJi4m7W0MzJLpKw=
30,38,6Nx+sHQiPio1IGlARgDSzkMjXQg=,cvrTaCIwK+K4PTFOK4RZMghQkQI=
28,35,6Nx+sHQiPio1IGlARgDSzkMjXQg=,//FnwKauup6lEGX7CbAKcb9HX9A=
30,37,6Nx+sHQiPio1IGlARgDSzkMjXQg=,n84HK+43l4FlHOuNFYO+7fwHb4I=
27,35,6Nx+sHQiPio1IGlARgDSzkMjXQg=,JIAw7YL87wuy/Iu0BkzD3UImPbI=
27,36,6Nx+sHQiPio1IGlARgDSzkMjXQg=,no2I/f+zhuAhwJi4m7W0MzJLpKw=
28,36,6Nx+sHQiPio1IGlARgDSzkMjXQg=,no2I/f+zhuAhwJi4m7W0MzJLpKw=
28,37,kwEA6RPU6oB+IDd6FqOGcekVdCY=,no2I/f+zhuAhwJi4m7W0MzJLpKw=
29,40,kwEA6RPU6oB+IDd6FqOGcekVdCY=,Jc8YYktyeet1+chQpx99KSFCmY8=
29,39,kwEA6RPU6oB+IDd6FqOGcekVdCY=,9Zc3iPnq4kyw/gHmE1r2FIjCWb8=
30,40,kwEA6RPU6oB+IDd6FqOGcekVdCY=,9VDxAFG7VEKm6woBqRbYar+SslM=
30,39,kwEA6RPU6oB+IDd6FqOGcekVdCY=,cvrTaCIwK+K4PTFOK4RZMghQkQI=
28,38,kwEA6RPU6oB+IDd6FqOGcekVdCY=,9Zc3iPnq4kyw/gHmE1r2FIjCWb8=
27,38,kwEA6RPU6oB+IDd6FqOGcekVdCY=,jmWYDstzu07z09Lmhi83OOA9fio=
27,37,kwEA6RPU6oB+IDd6FqOGcekVdCY=,no2I/f+zhuAhwJi4m7W0MzJLpKw=
27,42,kwEA6RPU6oB+IDd6FqOGcekVdCY=,CIeN+mhxGDbDnuL/GgNaEJR2Vq4=
28,42,kwEA6RPU6oB+IDd6FqOGcekVdCY=,M/8tPtCsrihB0Cnhgnk5v9yebSk=
27,39,kwEA6RPU6oB+IDd6FqOGcekVdCY=,jmWYDstzu07z09Lmhi83OOA9fio=
28,40,kwEA6RPU6oB+IDd6FqOGcekVdCY=,Jc8YYktyeet1+chQpx99KSFCmY8=
28,39,kwEA6RPU6oB+IDd6FqOGcekVdCY=,9Zc3iPnq4kyw/gHmE1r2FIjCWb8=
27,40,kwEA6RPU6oB+IDd6FqOGcekVdCY=,QbF62nZwUUHIPvYbyqiKkCsMhis=
27,41,kwEA6RPU6oB+IDd6FqOGcekVdCY=,QbF62nZwUUHIPvYbyqiKkCsMhis=
28,41,kwEA6RPU6oB+IDd6FqOGcekVdCY=,Jc8YYktyeet1+chQpx99KSFCmY8=
30,41,kwEA6RPU6oB+IDd6FqOGcekVdCY=,9VDxAFG7VEKm6woBqRbYar+SslM=
30,42,kwEA6RPU6oB+IDd6FqOGcekVdCY=,TbaN+XrWlm3KE3SZhiVLKicPW+Q=
28,44,kwEA6RPU6oB+IDd6FqOGcekVdCY=,JWZZHXdn5K/EwQh/fMlYMZX8R0Y=
29,41,kwEA6RPU6oB+IDd6FqOGcekVdCY=,Jc8YYktyeet1+chQpx99KSFCmY8=
28,43,kwEA6RPU6oB+IDd6FqOGcekVdCY=,M/8tPtCsrihB0Cnhgnk5v9yebSk=
29,42,kwEA6RPU6oB+IDd6FqOGcekVdCY=,M/8tPtCsrihB0Cnhgnk5v9yebSk=
27,43,kwEA6RPU6oB+IDd6FqOGcekVdCY=,CIeN+mhxGDbDnuL/GgNaEJR2Vq4=
27,44,kwEA6RPU6oB+IDd6FqOGcekVdCY=,2BlStcOWtB0T1f50We40vry9Po8=
30,43,kwEA6RPU6oB+IDd6FqOGcekVdCY=,TbaN+XrWlm3KE3SZhiVLKicPW+Q=
30,44,kwEA6RPU6oB+IDd6FqOGcekVdCY=,gu7VGbDxCkFh0pHU5cexvm03Jvs=
29,43,kwEA6RPU6oB+IDd6FqOGcekVdCY=,M/8tPtCsrihB0Cnhgnk5v9yebSk=
29,44,kwEA6RPU6oB+IDd6FqOGcekVdCY=,JWZZHXdn5K/EwQh/fMlYMZX8R0Y=
27,45,4mJ6yv+bMeUwWIe8KWzIShQYcFk=,2BlStcOWtB0T1f50We40vry9Po8=
28,45,4mJ6yv+bMeUwWIe8KWzIShQYcFk=,JWZZHXdn5K/EwQh/fMlYMZX8R0Y=
29,45,4mJ6yv+bMeUwWIe8KWzIShQYcFk=,JWZZHXdn5K/EwQh/fMlYMZX8R0Y=
30,45,4mJ6yv+bMeUwWIe8KWzIShQYcFk=,gu7VGbDxCkFh0pHU5cexvm03Jvs=
30,46,4mJ6yv+bMeUwWIe8KWzIShQYcFk=,vLq340Zck/6929xZBibaEiWaDzk=
29,46,4mJ6yv+bMeUwWIe8KWzIShQYcFk=,5cmtGKXV7x0VvY1MMETndprY0To=
27,46,4mJ6yv+bMeUwWIe8KWzIShQYcFk=,FpPB9fm+xa9mSbD6XyvJUwPx5Q8=
28,46,4mJ6yv+bMeUwWIe8KWzIShQYcFk=,5cmtGKXV7x0VvY1MMETndprY0To=
25,45,4mJ6yv+bMeUwWIe8KWzIShQYcFk=,6qc9BT5N8ypGqf5Kal7T98VOzKA=
25,46,4mJ6yv+bMeUwWIe8KWzIShQYcFk=,10lhtcG1+EdV1VCnwK3i33vNZsQ=
23,45,4mJ6yv+bMeUwWIe8KWzIShQYcFk=,kNCkC8RYI+DiqPrgEf2biWtK+AI=
24,46,4mJ6yv+bMeUwWIe8KWzIShQYcFk=,10lhtcG1+EdV1VCnwK3i33vNZsQ=
23,46,4mJ6yv+bMeUwWIe8KWzIShQYcFk=,bxjHshonPQNMCfMZie2fjwxCFD4=
26,45,4mJ6yv+bMeUwWIe8KWzIShQYcFk=,2BlStcOWtB0T1f50We40vry9Po8=
24,45,4mJ6yv+bMeUwWIe8KWzIShQYcFk=,6qc9BT5N8ypGqf5Kal7T98VOzKA=
26,46,4mJ6yv+bMeUwWIe8KWzIShQYcFk=,FpPB9fm+xa9mSbD6XyvJUwPx5Q8=
21,46,4mJ6yv+bMeUwWIe8KWzIShQYcFk=,zkXb+5cbc7hnbmoYl1GRJ/ux2vA=
21,45,4mJ6yv+bMeUwWIe8KWzIShQYcFk=,7G8rMSCniEup+XDak4L9Zx22LGU=
22,46,4mJ6yv+bMeUwWIe8KWzIShQYcFk=,bxjHshonPQNMCfMZie2fjwxCFD4=
22,45,4mJ6yv+bMeUwWIe8KWzIShQYcFk=,kNCkC8RYI+DiqPrgEf2biWtK+AI=
19,43,4mJ6yv+bMeUwWIe8KWzIShQYcFk=,KXCUjgoOWGPHKu1mjFsQEIlZ2LE=
20,43,4mJ6yv+bMeUwWIe8KWzIShQYcFk=,URjhww53XXTe/AdL7rEDs5hW/Lc=
20,44,4mJ6yv+bMeUwWIe8KWzIShQYcFk=,7G8rMSCniEup+XDak4L9Zx22LGU=
19,44,4mJ6yv+bMeUwWIe8KWzIShQYcFk=,GTHmRUVD1hxwlDjmP7Yg8z8I3wI=
20,46,6kaBivPL0dkXXcdhNDQlz2+6ols=,zkXb+5cbc7hnbmoYl1GRJ/ux2vA=
17,43,6kaBivPL0dkXXcdhNDQlz2+6ols=,QXaYpVEIBn0Sit9gErrBrjFhFvM=
19,45,6kaBivPL0dkXXcdhNDQlz2+6ols=,GTHmRUVD1hxwlDjmP7Yg8z8I3wI=
18,43,6kaBivPL0dkXXcdhNDQlz2+6ols=,KXCUjgoOWGPHKu1mjFsQEIlZ2LE=
19,46,6kaBivPL0dkXXcdhNDQlz2+6ols=,QkaVp0CH/FEgN4K6gIUSo8OgUjw=
20,45,6kaBivPL0dkXXcdhNDQlz2+6ols=,7G8rMSCniEup+XDak4L9Zx22LGU=
18,44,6kaBivPL0dkXXcdhNDQlz2+6ols=,GTHmRUVD1hxwlDjmP7Yg8z8I3wI=
18,46,6kaBivPL0dkXXcdhNDQlz2+6ols=,QkaVp0CH/FEgN4K6gIUSo8OgUjw=
18,45,6kaBivPL0dkXXcdhNDQlz2+6ols=,GTHmRUVD1hxwlDjmP7Yg8z8I3wI=
17,44,6kaBivPL0dkXXcdhNDQlz2+6ols=,xIloYzdtudJpIIy/LUmqU6eUwMg=
17,46,6kaBivPL0dkXXcdhNDQlz2+6ols=,xK6Fg0eq5AnUttMxvr2q9oXT3QU=
17,45,6kaBivPL0dkXXcdhNDQlz2+6ols=,xIloYzdtudJpIIy/LUmqU6eUwMg=
17,41,6kaBivPL0dkXXcdhNDQlz2+6ols=,0KU3wHRDM9v53uIn4foCPcTjZcY=
17,42,6kaBivPL0dkXXcdhNDQlz2+6ols=,QXaYpVEIBn0Sit9gErrBrjFhFvM=
18,42,6kaBivPL0dkXXcdhNDQlz2+6ols=,KXCUjgoOWGPHKu1mjFsQEIlZ2LE=
18,41,6kaBivPL0dkXXcdhNDQlz2+6ols=,QEh8Pu0poulbL6eVBO+9xziktmI=
18,39,6kaBivPL0dkXXcdhNDQlz2+6ols=,k7D4eXgBNKqxdqQI33unMRGSPJA=
17,40,6kaBivPL0dkXXcdhNDQlz2+6ols=,0KU3wHRDM9v53uIn4foCPcTjZcY=
17,39,6kaBivPL0dkXXcdhNDQlz2+6ols=,PjaVVUfPXG5u7dyT9YPVSC+zlVs=
18,40,6kaBivPL0dkXXcdhNDQlz2+6ols=,QEh8Pu0poulbL6eVBO+9xziktmI=
19,42,6kaBivPL0dkXXcdhNDQlz2+6ols=,KXCUjgoOWGPHKu1mjFsQEIlZ2LE=
19,39,6kaBivPL0dkXXcdhNDQlz2+6ols=,k7D4eXgBNKqxdqQI33unMRGSPJA=
20,39,XpXMMtHoEMsMkXsd6d5GfiUYhLg=,URjhww53XXTe/AdL7rEDs5hW/Lc=
19,40,XpXMMtHoEMsMkXsd6d5GfiUYhLg=,QEh8Pu0poulbL6eVBO+9xziktmI=
19,41,XpXMMtHoEMsMkXsd6d5GfiUYhLg=,QEh8Pu0poulbL6eVBO+9xziktmI=
20,42,XpXMMtHoEMsMkXsd6d5GfiUYhLg=,URjhww53XXTe/AdL7rEDs5hW/Lc=
20,41,XpXMMtHoEMsMkXsd6d5GfiUYhLg=,URjhww53XXTe/AdL7rEDs5hW/Lc=
20,40,XpXMMtHoEMsMkXsd6d5GfiUYhLg=,URjhww53XXTe/AdL7rEDs5hW/Lc=
21,40,XpXMMtHoEMsMkXsd6d5GfiUYhLg=,URjhww53XXTe/AdL7rEDs5hW/Lc=
22,40,XpXMMtHoEMsMkXsd6d5GfiUYhLg=,+afHN3TaU2CxUGw3TRu1Uj0TKLo=
21,39,XpXMMtHoEMsMkXsd6d5GfiUYhLg=,URjhww53XXTe/AdL7rEDs5hW/Lc=
22,39,XpXMMtHoEMsMkXsd6d5GfiUYhLg=,bZlGAoARNLz5xTrz2AvwmxIky/M=
21,41,XpXMMtHoEMsMkXsd6d5GfiUYhLg=,URjhww53XXTe/AdL7rEDs5hW/Lc=
21,43,XpXMMtHoEMsMkXsd6d5GfiUYhLg=,URjhww53XXTe/AdL7rEDs5hW/Lc=
21,42,XpXMMtHoEMsMkXsd6d5GfiUYhLg=,URjhww53XXTe/AdL7rEDs5hW/Lc=
21,44,XpXMMtHoEMsMkXsd6d5GfiUYhLg=,7G8rMSCniEup+XDak4L9Zx22LGU=
22,41,XpXMMtHoEMsMkXsd6d5GfiUYhLg=,+afHN3TaU2CxUGw3TRu1Uj0TKLo=
22,43,XpXMMtHoEMsMkXsd6d5GfiUYhLg=,MzpJPiXbGVVzBOi7m3aOTXuH+ks=
23,44,XpXMMtHoEMsMkXsd6d5GfiUYhLg=,kNCkC8RYI+DiqPrgEf2biWtK+AI=
22,42,XpXMMtHoEMsMkXsd6d5GfiUYhLg=,MzpJPiXbGVVzBOi7m3aOTXuH+ks=
22,44,XpXMMtHoEMsMkXsd6d5GfiUYhLg=,kNCkC8RYI+DiqPrgEf2biWtK+AI=
23,43,XpXMMtHoEMsMkXsd6d5GfiUYhLg=,MzpJPiXbGVVzBOi7m3aOTXuH+ks=
23,42,XpXMMtHoEMsMkXsd6d5GfiUYhLg=,MzpJPiXbGVVzBOi7m3aOTXuH+ks=
23,41,XpXMMtHoEMsMkXsd6d5GfiUYhLg=,+afHN3TaU2CxUGw3TRu1Uj0TKLo=
23,40,XpXMMtHoEMsMkXsd6d5GfiUYhLg=,+afHN3TaU2CxUGw3TRu1Uj0TKLo=
24,40,XpXMMtHoEMsMkXsd6d5GfiUYhLg=,hJVZRIRNQJ9J/JC/7Y8hxOuS8G4=
25,40,XpXMMtHoEMsMkXsd6d5GfiUYhLg=,hJVZRIRNQJ9J/JC/7Y8hxOuS8G4=
26,44,XpXMMtHoEMsMkXsd6d5GfiUYhLg=,2BlStcOWtB0T1f50We40vry9Po8=
25,43,XpXMMtHoEMsMkXsd6d5GfiUYhLg=,O1/oMkpX+/tZ699AaWCv6xfcxvQ=
26,43,XpXMMtHoEMsMkXsd6d5GfiUYhLg=,CIeN+mhxGDbDnuL/GgNaEJR2Vq4=
25,44,XpXMMtHoEMsMkXsd6d5GfiUYhLg=,6qc9BT5N8ypGqf5Kal7T98VOzKA=
26,42,XpXMMtHoEMsMkXsd6d5GfiUYhLg=,CIeN+mhxGDbDnuL/GgNaEJR2Vq4=
25,41,XpXMMtHoEMsMkXsd6d5GfiUYhLg=,hJVZRIRNQJ9J/JC/7Y8hxOuS8G4=
24,43,XpXMMtHoEMsMkXsd6d5GfiUYhLg=,O1/oMkpX+/tZ699AaWCv6xfcxvQ=
24,44,tBys2ikgQdDyspfBW3m7gzw6ip0=,6qc9BT5N8ypGqf5Kal7T98VOzKA=
25,42,tBys2ikgQdDyspfBW3m7gzw6ip0=,O1/oMkpX+/tZ699AaWCv6xfcxvQ=
24,42,tBys2ikgQdDyspfBW3m7gzw6ip0=,O1/oMkpX+/tZ699AaWCv6xfcxvQ=
24,41,tBys2ikgQdDyspfBW3m7gzw6ip0=,hJVZRIRNQJ9J/JC/7Y8hxOuS8G4=
24,39,tBys2ikgQdDyspfBW3m7gzw6ip0=,3YDq6guDd/4P1oT5haGCrcdyxAo=
26,39,tBys2ikgQdDyspfBW3m7gzw6ip0=,jmWYDstzu07z09Lmhi83OOA9fio=
25,39,tBys2ikgQdDyspfBW3m7gzw6ip0=,3YDq6guDd/4P1oT5haGCrcdyxAo=
26,41,tBys2ikgQdDyspfBW3m7gzw6ip0=,QbF62nZwUUHIPvYbyqiKkCsMhis=
26,40,tBys2ikgQdDyspfBW3m7gzw6ip0=,QbF62nZwUUHIPvYbyqiKkCsMhis=
23,39,tBys2ikgQdDyspfBW3m7gzw6ip0=,bZlGAoARNLz5xTrz2AvwmxIky/M=
25,37,tBys2ikgQdDyspfBW3m7gzw6ip0=,no2I/f+zhuAhwJi4m7W0MzJLpKw=
25,36,tBys2ikgQdDyspfBW3m7gzw6ip0=,no2I/f+zhuAhwJi4m7W0MzJLpKw=
26,37,tBys2ikgQdDyspfBW3m7gzw6ip0=,no2I/f+zhuAhwJi4m7W0MzJLpKw=
25,35,tBys2ikgQdDyspfBW3m7gzw6ip0=,JIAw7YL87wuy/Iu0BkzD3UImPbI=
26,35,tBys2ikgQdDyspfBW3m7gzw6ip0=,JIAw7YL87wuy/Iu0BkzD3UImPbI=
26,36,tBys2ikgQdDyspfBW3m7gzw6ip0=,no2I/f+zhuAhwJi4m7W0MzJLpKw=
25,38,tBys2ikgQdDyspfBW3m7gzw6ip0=,3YDq6guDd/4P1oT5haGCrcdyxAo=
24,34,tBys2ikgQdDyspfBW3m7gzw6ip0=,JIAw7YL87wuy/Iu0BkzD3UImPbI=
23,34,tBys2ikgQdDyspfBW3m7gzw6ip0=,1XGnwggTJ4mrEpl3/HLDHN6+q00=
23,33,tBys2ikgQdDyspfBW3m7gzw6ip0=,hCgErvSlujf1+OAZfLiZ5t7pkSk=
24,33,tBys2ikgQdDyspfBW3m7gzw6ip0=,RJ3LV9y6jfsPsqBFEfSdOxeRhC8=
24,35,tBys2ikgQdDyspfBW3m7gzw6ip0=,JIAw7YL87wuy/Iu0BkzD3UImPbI=
23,35,tBys2ikgQdDyspfBW3m7gzw6ip0=,1XGnwggTJ4mrEpl3/HLDHN6+q00=
23,36,tBys2ikgQdDyspfBW3m7gzw6ip0=,60zKHPrYU8K3AZFZ94z6xoMoepU=
21,35,tBys2ikgQdDyspfBW3m7gzw6ip0=,1XGnwggTJ4mrEpl3/HLDHN6+q00=
22,35,tBys2ikgQdDyspfBW3m7gzw6ip0=,1XGnwggTJ4mrEpl3/HLDHN6+q00=
22,36,pOqDKmtouz3N+z8+yB9s6Oc3G9s=,60zKHPrYU8K3AZFZ94z6xoMoepU=
26,38,pOqDKmtouz3N+z8+yB9s6Oc3G9s=,jmWYDstzu07z09Lmhi83OOA9fio=
21,36,pOqDKmtouz3N+z8+yB9s6Oc3G9s=,60zKHPrYU8K3AZFZ94z6xoMoepU=
21,33,pOqDKmtouz3N+z8+yB9s6Oc3G9s=,hCgErvSlujf1+OAZfLiZ5t7pkSk=
24,36,pOqDKmtouz3N+z8+yB9s6Oc3G9s=,no2I/f+zhuAhwJi4m7W0MzJLpKw=
22,34,pOqDKmtouz3N+z8+yB9s6Oc3G9s=,1XGnwggTJ4mrEpl3/HLDHN6+q00=
21,34,pOqDKmtouz3N+z8+yB9s6Oc3G9s=,1XGnwggTJ4mrEpl3/HLDHN6+q00=
20,36,pOqDKmtouz3N+z8+yB9s6Oc3G9s=,60zKHPrYU8K3AZFZ94z6xoMoepU=
24,37,pOqDKmtouz3N+z8+yB9s6Oc3G9s=,no2I/f+zhuAhwJi4m7W0MzJLpKw=
20,35,pOqDKmtouz3N+z8+yB9s6Oc3G9s=,1XGnwggTJ4mrEpl3/HLDHN6+q00=
24,38,pOqDKmtouz3N+z8+yB9s6Oc3G9s=,3YDq6guDd/4P1oT5haGCrcdyxAo=
20,37,pOqDKmtouz3N+z8+yB9s6Oc3G9s=,60zKHPrYU8K3AZFZ94z6xoMoepU=
20,38,pOqDKmtouz3N+z8+yB9s6Oc3G9s=,URjhww53XXTe/AdL7rEDs5hW/Lc=
23,38,pOqDKmtouz3N+z8+yB9s6Oc3G9s=,bZlGAoARNLz5xTrz2AvwmxIky/M=
22,33,pOqDKmtouz3N+z8+yB9s6Oc3G9s=,hCgErvSlujf1+OAZfLiZ5t7pkSk=
23,37,pOqDKmtouz3N+z8+yB9s6Oc3G9s=,60zKHPrYU8K3AZFZ94z6xoMoepU=
21,37,pOqDKmtouz3N+z8+yB9s6Oc3G9s=,60zKHPrYU8K3AZFZ94z6xoMoepU=
21,38,pOqDKmtouz3N+z8+yB9s6Oc3G9s=,URjhww53XXTe/AdL7rEDs5hW/Lc=
20,34,pOqDKmtouz3N+z8+yB9s6Oc3G9s=,1XGnwggTJ4mrEpl3/HLDHN6+q00=
20,33,pOqDKmtouz3N+z8+yB9s6Oc3G9s=,hCgErvSlujf1+OAZfLiZ5t7pkSk=
22,38,pOqDKmtouz3N+z8+yB9s6Oc3G9s=,bZlGAoARNLz5xTrz2AvwmxIky/M=
22,37,pOqDKmtouz3N+z8+yB9s6Oc3G9s=,60zKHPrYU8K3AZFZ94z6xoMoepU=
19,38,pOqDKmtouz3N+z8+yB9s6Oc3G9s=,k7D4eXgBNKqxdqQI33unMRGSPJA=
19,36,pOqDKmtouz3N+z8+yB9s6Oc3G9s=,ztbKwLJNbmIZz78Zz9pg+RbqIHg=
19,37,pOqDKmtouz3N+z8+yB9s6Oc3G9s=,ztbKwLJNbmIZz78Zz9pg+RbqIHg=
16,35,pOqDKmtouz3N+z8+yB9s6Oc3G9s=,WBDSWGseXpw4Sq6kDe3kG3tILao=
18,32,pOqDKmtouz3N+z8+yB9s6Oc3G9s=,lIaqtX3KUeK0i12jpn4pXG8y4WE=
19,32,pOqDKmtouz3N+z8+yB9s6Oc3G9s=,lIaqtX3KUeK0i12jpn4pXG8y4WE=
19,35,pOqDKmtouz3N+z8+yB9s6Oc3G9s=,1XGnwggTJ4mrEpl3/HLDHN6+q00=
17,32,pOqDKmtouz3N+z8+yB9s6Oc3G9s=,lIaqtX3KUeK0i12jpn4pXG8y4WE=
20,32,pOqDKmtouz3N+z8+yB9s6Oc3G9s=,hCgErvSlujf1+OAZfLiZ5t7pkSk=
21,32,pOqDKmtouz3N+z8+yB9s6Oc3G9s=,hCgErvSlujf1+OAZfLiZ5t7pkSk=
16,33,pOqDKmtouz3N+z8+yB9s6Oc3G9s=,lIaqtX3KUeK0i12jpn4pXG8y4WE=
16,34,pOqDKmtouz3N+z8+yB9s6Oc3G9s=,WBDSWGseXpw4Sq6kDe3kG3tILao=
19,33,pOqDKmtouz3N+z8+yB9s6Oc3G9s=,lIaqtX3KUeK0i12jpn4pXG8y4WE=
17,35,pOqDKmtouz3N+z8+yB9s6Oc3G9s=,WBDSWGseXpw4Sq6kDe3kG3tILao=
19,34,kjL8DSf6Ujf/2KiHszB2z7yoFM8=,1XGnwggTJ4mrEpl3/HLDHN6+q00=
17,36,kjL8DSf6Ujf/2KiHszB2z7yoFM8=,ztbKwLJNbmIZz78Zz9pg+RbqIHg=
22,32,kjL8DSf6Ujf/2KiHszB2z7yoFM8=,hCgErvSlujf1+OAZfLiZ5t7pkSk=
18,35,kjL8DSf6Ujf/2KiHszB2z7yoFM8=,1XGnwggTJ4mrEpl3/HLDHN6+q00=
24,32,kjL8DSf6Ujf/2KiHszB2z7yoFM8=,RJ3LV9y6jfsPsqBFEfSdOxeRhC8=
17,37,kjL8DSf6Ujf/2KiHszB2z7yoFM8=,ztbKwLJNbmIZz78Zz9pg+RbqIHg=
23,32,kjL8DSf6Ujf/2KiHszB2z7yoFM8=,hCgErvSlujf1+OAZfLiZ5t7pkSk=
17,38,kjL8DSf6Ujf/2KiHszB2z7yoFM8=,PjaVVUfPXG5u7dyT9YPVSC+zlVs=
29,32,kjL8DSf6Ujf/2KiHszB2z7yoFM8=,//FnwKauup6lEGX7CbAKcb9HX9A=
16,36,kjL8DSf6Ujf/2KiHszB2z7yoFM8=,ztbKwLJNbmIZz78Zz9pg+RbqIHg=
25,32,kjL8DSf6Ujf/2KiHszB2z7yoFM8=,RJ3LV9y6jfsPsqBFEfSdOxeRhC8=
30,32,kjL8DSf6Ujf/2KiHszB2z7yoFM8=,bYK8k8biMNShzenmte8tebbwiKY=
18,34,kjL8DSf6Ujf/2KiHszB2z7yoFM8=,1XGnwggTJ4mrEpl3/HLDHN6+q00=
28,32,kjL8DSf6Ujf/2KiHszB2z7yoFM8=,//FnwKauup6lEGX7CbAKcb9HX9A=
31,39,kjL8DSf6Ujf/2KiHszB2z7yoFM8=,cvrTaCIwK+K4PTFOK4RZMghQkQI=
18,38,kjL8DSf6Ujf/2KiHszB2z7yoFM8=,k7D4eXgBNKqxdqQI33unMRGSPJA=
17,33,kjL8DSf6Ujf/2KiHszB2z7yoFM8=,lIaqtX3KUeK0i12jpn4pXG8y4WE=
18,37,kjL8DSf6Ujf/2KiHszB2z7yoFM8=,ztbKwLJNbmIZz78Zz9pg+RbqIHg=
18,36,kjL8DSf6Ujf/2KiHszB2z7yoFM8=,ztbKwLJNbmIZz78Zz9pg+RbqIHg=
31,32,kjL8DSf6Ujf/2KiHszB2z7yoFM8=,bYK8k8biMNShzenmte8tebbwiKY=
26,32,kjL8DSf6Ujf/2KiHszB2z7yoFM8=,RJ3LV9y6jfsPsqBFEfSdOxeRhC8=
17,34,kjL8DSf6Ujf/2KiHszB2z7yoFM8=,WBDSWGseXpw4Sq6kDe3kG3tILao=
27,32,kjL8DSf6Ujf/2KiHszB2z7yoFM8=,RJ3LV9y6jfsPsqBFEfSdOxeRhC8=
31,37,kjL8DSf6Ujf/2KiHszB2z7yoFM8=,n84HK+43l4FlHOuNFYO+7fwHb4I=
18,33,kjL8DSf6Ujf/2KiHszB2z7yoFM8=,lIaqtX3KUeK0i12jpn4pXG8y4WE=
31,38,kjL8DSf6Ujf/2KiHszB2z7yoFM8=,cvrTaCIwK+K4PTFOK4RZMghQkQI=
26,33,kjL8DSf6Ujf/2KiHszB2z7yoFM8=,RJ3LV9y6jfsPsqBFEfSdOxeRhC8=
25,34,kjL8DSf6Ujf/2KiHszB2z7yoFM8=,JIAw7YL87wuy/Iu0BkzD3UImPbI=
31,36,kjL8DSf6Ujf/2KiHszB2z7yoFM8=,n84HK+43l4FlHOuNFYO+7fwHb4I=
28,33,kjL8DSf6Ujf/2KiHszB2z7yoFM8=,//FnwKauup6lEGX7CbAKcb9HX9A=
31,45,kjL8DSf6Ujf/2KiHszB2z7yoFM8=,gu7VGbDxCkFh0pHU5cexvm03Jvs=
27,34,kjL8DSf6Ujf/2KiHszB2z7yoFM8=,JIAw7YL87wuy/Iu0BkzD3UImPbI=
31,43,kjL8DSf6Ujf/2KiHszB2z7yoFM8=,TbaN+XrWlm3KE3SZhiVLKicPW+Q=
25,33,kjL8DSf6Ujf/2KiHszB2z7yoFM8=,RJ3LV9y6jfsPsqBFEfSdOxeRhC8=
31,46,kjL8DSf6Ujf/2KiHszB2z7yoFM8=,vLq340Zck/6929xZBibaEiWaDzk=
31,35,kjL8DSf6Ujf/2KiHszB2z7yoFM8=,y0phRSExRiuMOWKE+dcyDvbSHnY=
31,44,kjL8DSf6Ujf/2KiHszB2z7yoFM8=,gu7VGbDxCkFh0pHU5cexvm03Jvs=
31,34,kjL8DSf6Ujf/2KiHszB2z7yoFM8=,y0phRSExRiuMOWKE+dcyDvbSHnY=
31,47,kjL8DSf6Ujf/2KiHszB2z7yoFM8=,vLq340Zck/6929xZBibaEiWaDzk=
31,33,kjL8DSf6Ujf/2KiHszB2z7yoFM8=,bYK8k8biMNShzenmte8tebbwiKY=
26,34,kjL8DSf6Ujf/2KiHszB2z7yoFM8=,JIAw7YL87wuy/Iu0BkzD3UImPbI=
27,33,kjL8DSf6Ujf/2KiHszB2z7yoFM8=,RJ3LV9y6jfsPsqBFEfSdOxeRhC8=
31,40,kjL8DSf6Ujf/2KiHszB2z7yoFM8=,9VDxAFG7VEKm6woBqRbYar+SslM=
29,47,kjL8DSf6Ujf/2KiHszB2z7yoFM8=,5cmtGKXV7x0VvY1MMETndprY0To=
25,47,kjL8DSf6Ujf/2KiHszB2z7yoFM8=,10lhtcG1+EdV1VCnwK3i33vNZsQ=
30,47,kjL8DSf6Ujf/2KiHszB2z7yoFM8=,vLq340Zck/6929xZBibaEiWaDzk=
23,47,kjL8DSf6Ujf/2KiHszB2z7yoFM8=,bxjHshonPQNMCfMZie2fjwxCFD4=
22,47,kjL8DSf6Ujf/2KiHszB2z7yoFM8=,bxjHshonPQNMCfMZie2fjwxCFD4=
24,47,kjL8DSf6Ujf/2KiHszB2z7yoFM8=,10lhtcG1+EdV1VCnwK3i33vNZsQ=
28,34,kjL8DSf6Ujf/2KiHszB2z7yoFM8=,//FnwKauup6lEGX7CbAKcb9HX9A=
20,47,BI4gAj1TMcv006LvNaQ2JRwUWrs=,zkXb+5cbc7hnbmoYl1GRJ/ux2vA=
21,47,BI4gAj1TMcv006LvNaQ2JRwUWrs=,zkXb+5cbc7hnbmoYl1GRJ/ux2vA=
19,47,BI4gAj1TMcv006LvNaQ2JRwUWrs=,QkaVp0CH/FEgN4K6gIUSo8OgUjw=
17,47,BI4gAj1TMcv006LvNaQ2JRwUWrs=,xK6Fg0eq5AnUttMxvr2q9oXT3QU=
16,47,BI4gAj1TMcv006LvNaQ2JRwUWrs=,xK6Fg0eq5AnUttMxvr2q9oXT3QU=
16,39,BI4gAj1TMcv006LvNaQ2JRwUWrs=,PjaVVUfPXG5u7dyT9YPVSC+zlVs=
16,40,BI4gAj1TMcv006LvNaQ2JRwUWrs=,0KU3wHRDM9v53uIn4foCPcTjZcY=
27,47,BI4gAj1TMcv006LvNaQ2JRwUWrs=,FpPB9fm+xa9mSbD6XyvJUwPx5Q8=
31,42,BI4gAj1TMcv006LvNaQ2JRwUWrs=,TbaN+XrWlm3KE3SZhiVLKicPW+Q=
18,47,BI4gAj1TMcv006LvNaQ2JRwUWrs=,QkaVp0CH/FEgN4K6gIUSo8OgUjw=
16,46,BI4gAj1TMcv006LvNaQ2JRwUWrs=,xK6Fg0eq5AnUttMxvr2q9oXT3QU=
28,47,BI4gAj1TMcv006LvNaQ2JRwUWrs=,5cmtGKXV7x0VvY1MMETndprY0To=
26,47,BI4gAj1TMcv006LvNaQ2JRwUWrs=,FpPB9fm+xa9mSbD6XyvJUwPx5Q8=
31,41,BI4gAj1TMcv006LvNaQ2JRwUWrs=,9VDxAFG7VEKm6woBqRbYar+SslM=
16,45,BI4gAj1TMcv006LvNaQ2JRwUWrs=,xIloYzdtudJpIIy/LUmqU6eUwMg=
16,32,BI4gAj1TMcv006LvNaQ2JRwUWrs=,lIaqtX3KUeK0i12jpn4pXG8y4WE=
16,44,BI4gAj1TMcv006LvNaQ2JRwUWrs=,xIloYzdtudJpIIy/LUmqU6eUwMg=
16,41,BI4gAj1TMcv006LvNaQ2JRwUWrs=,0KU3wHRDM9v53uIn4foCPcTjZcY=
16,43,BI4gAj1TMcv006LvNaQ2JRwUWrs=,QXaYpVEIBn0Sit9gErrBrjFhFvM=
16,42,BI4gAj1TMcv006LvNaQ2JRwUWrs=,QXaYpVEIBn0Sit9gErrBrjFhFvM=
16,38,BI4gAj1TMcv006LvNaQ2JRwUWrs=,PjaVVUfPXG5u7dyT9YPVSC+zlVs=
16,37,BI4gAj1TMcv006LvNaQ2JRwUWrs=,ztbKwLJNbmIZz78Zz9pg+RbqIHg=
